system,conc,temp,SLT_IDs,n_step,n_deriv,dir,pdbfile,dcdfile,resfiles,ff_files
p4444_tfa_water,0.05,300,47,3857,3858,/storage/home/hhive1/sparmar32/projects/HTMD/force_field/OPLS/example_lcst,npt_final-4.pdb,md_npt-4.dcd,/storage/home/hhive1/sparmar32/projects/HTMD/force_field/OPLS/example_lcst/p4444_tfa_water/ffdir/TFA_sorted_residues.xml:/storage/home/hhive1/sparmar32/projects/HTMD/force_field/OPLS/example_lcst/p4444_tfa_water/ffdir/HOH_sorted_residues.xml:/storage/home/hhive1/sparmar32/projects/HTMD/force_field/OPLS/example_lcst/p4444_tfa_water/ffdir/TBP_sorted_residues.xml,/storage/home/hhive1/sparmar32/projects/HTMD/force_field/OPLS/example_lcst/p4444_tfa_water/ffdir/TFA_sorted.xml:/storage/home/hhive1/sparmar32/projects/HTMD/force_field/OPLS/example_lcst/p4444_tfa_water/ffdir/HOH_sorted.xml:/storage/home/hhive1/sparmar32/projects/HTMD/force_field/OPLS/example_lcst/p4444_tfa_water/ffdir/TBP_sorted.xml
p4444_tfa_water,0.05,300,103,3857,3858,/storage/home/hhive1/sparmar32/projects/HTMD/force_field/OPLS/example_lcst,npt_final-4.pdb,md_npt-4.dcd,/storage/home/hhive1/sparmar32/projects/HTMD/force_field/OPLS/example_lcst/p4444_tfa_water/ffdir/TFA_sorted_residues.xml:/storage/home/hhive1/sparmar32/projects/HTMD/force_field/OPLS/example_lcst/p4444_tfa_water/ffdir/HOH_sorted_residues.xml:/storage/home/hhive1/sparmar32/projects/HTMD/force_field/OPLS/example_lcst/p4444_tfa_water/ffdir/TBP_sorted_residues.xml,/storage/home/hhive1/sparmar32/projects/HTMD/force_field/OPLS/example_lcst/p4444_tfa_water/ffdir/TFA_sorted.xml:/storage/home/hhive1/sparmar32/projects/HTMD/force_field/OPLS/example_lcst/p4444_tfa_water/ffdir/HOH_sorted.xml:/storage/home/hhive1/sparmar32/projects/HTMD/force_field/OPLS/example_lcst/p4444_tfa_water/ffdir/TBP_sorted.xml
p4444_tfa_water,0.05,300,25,3857,3858,/storage/home/hhive1/sparmar32/projects/HTMD/force_field/OPLS/example_lcst,npt_final-4.pdb,md_npt-4.dcd,/storage/home/hhive1/sparmar32/projects/HTMD/force_field/OPLS/example_lcst/p4444_tfa_water/ffdir/TFA_sorted_residues.xml:/storage/home/hhive1/sparmar32/projects/HTMD/force_field/OPLS/example_lcst/p4444_tfa_water/ffdir/HOH_sorted_residues.xml:/storage/home/hhive1/sparmar32/projects/HTMD/force_field/OPLS/example_lcst/p4444_tfa_water/ffdir/TBP_sorted_residues.xml,/storage/home/hhive1/sparmar32/projects/HTMD/force_field/OPLS/example_lcst/p4444_tfa_water/ffdir/TFA_sorted.xml:/storage/home/hhive1/sparmar32/projects/HTMD/force_field/OPLS/example_lcst/p4444_tfa_water/ffdir/HOH_sorted.xml:/storage/home/hhive1/sparmar32/projects/HTMD/force_field/OPLS/example_lcst/p4444_tfa_water/ffdir/TBP_sorted.xml
p4444_tfa_water,0.05,300,21,3857,3858,/storage/home/hhive1/sparmar32/projects/HTMD/force_field/OPLS/example_lcst,npt_final-4.pdb,md_npt-4.dcd,/storage/home/hhive1/sparmar32/projects/HTMD/force_field/OPLS/example_lcst/p4444_tfa_water/ffdir/TFA_sorted_residues.xml:/storage/home/hhive1/sparmar32/projects/HTMD/force_field/OPLS/example_lcst/p4444_tfa_water/ffdir/HOH_sorted_residues.xml:/storage/home/hhive1/sparmar32/projects/HTMD/force_field/OPLS/example_lcst/p4444_tfa_water/ffdir/TBP_sorted_residues.xml,/storage/home/hhive1/sparmar32/projects/HTMD/force_field/OPLS/example_lcst/p4444_tfa_water/ffdir/TFA_sorted.xml:/storage/home/hhive1/sparmar32/projects/HTMD/force_field/OPLS/example_lcst/p4444_tfa_water/ffdir/HOH_sorted.xml:/storage/home/hhive1/sparmar32/projects/HTMD/force_field/OPLS/example_lcst/p4444_tfa_water/ffdir/TBP_sorted.xml
p4444_tfa_water,0.05,300,179,3857,3858,/storage/home/hhive1/sparmar32/projects/HTMD/force_field/OPLS/example_lcst,npt_final-4.pdb,md_npt-4.dcd,/storage/home/hhive1/sparmar32/projects/HTMD/force_field/OPLS/example_lcst/p4444_tfa_water/ffdir/TFA_sorted_residues.xml:/storage/home/hhive1/sparmar32/projects/HTMD/force_field/OPLS/example_lcst/p4444_tfa_water/ffdir/HOH_sorted_residues.xml:/storage/home/hhive1/sparmar32/projects/HTMD/force_field/OPLS/example_lcst/p4444_tfa_water/ffdir/TBP_sorted_residues.xml,/storage/home/hhive1/sparmar32/projects/HTMD/force_field/OPLS/example_lcst/p4444_tfa_water/ffdir/TFA_sorted.xml:/storage/home/hhive1/sparmar32/projects/HTMD/force_field/OPLS/example_lcst/p4444_tfa_water/ffdir/HOH_sorted.xml:/storage/home/hhive1/sparmar32/projects/HTMD/force_field/OPLS/example_lcst/p4444_tfa_water/ffdir/TBP_sorted.xml
p4444_tfa_water,0.05,300,20,3857,3858,/storage/home/hhive1/sparmar32/projects/HTMD/force_field/OPLS/example_lcst,npt_final-4.pdb,md_npt-4.dcd,/storage/home/hhive1/sparmar32/projects/HTMD/force_field/OPLS/example_lcst/p4444_tfa_water/ffdir/TFA_sorted_residues.xml:/storage/home/hhive1/sparmar32/projects/HTMD/force_field/OPLS/example_lcst/p4444_tfa_water/ffdir/HOH_sorted_residues.xml:/storage/home/hhive1/sparmar32/projects/HTMD/force_field/OPLS/example_lcst/p4444_tfa_water/ffdir/TBP_sorted_residues.xml,/storage/home/hhive1/sparmar32/projects/HTMD/force_field/OPLS/example_lcst/p4444_tfa_water/ffdir/TFA_sorted.xml:/storage/home/hhive1/sparmar32/projects/HTMD/force_field/OPLS/example_lcst/p4444_tfa_water/ffdir/HOH_sorted.xml:/storage/home/hhive1/sparmar32/projects/HTMD/force_field/OPLS/example_lcst/p4444_tfa_water/ffdir/TBP_sorted.xml
p4444_tfa_water,0.05,300,150,3857,3858,/storage/home/hhive1/sparmar32/projects/HTMD/force_field/OPLS/example_lcst,npt_final-4.pdb,md_npt-4.dcd,/storage/home/hhive1/sparmar32/projects/HTMD/force_field/OPLS/example_lcst/p4444_tfa_water/ffdir/TFA_sorted_residues.xml:/storage/home/hhive1/sparmar32/projects/HTMD/force_field/OPLS/example_lcst/p4444_tfa_water/ffdir/HOH_sorted_residues.xml:/storage/home/hhive1/sparmar32/projects/HTMD/force_field/OPLS/example_lcst/p4444_tfa_water/ffdir/TBP_sorted_residues.xml,/storage/home/hhive1/sparmar32/projects/HTMD/force_field/OPLS/example_lcst/p4444_tfa_water/ffdir/TFA_sorted.xml:/storage/home/hhive1/sparmar32/projects/HTMD/force_field/OPLS/example_lcst/p4444_tfa_water/ffdir/HOH_sorted.xml:/storage/home/hhive1/sparmar32/projects/HTMD/force_field/OPLS/example_lcst/p4444_tfa_water/ffdir/TBP_sorted.xml
p4444_tfa_water,0.05,300,43,3857,3858,/storage/home/hhive1/sparmar32/projects/HTMD/force_field/OPLS/example_lcst,npt_final-4.pdb,md_npt-4.dcd,/storage/home/hhive1/sparmar32/projects/HTMD/force_field/OPLS/example_lcst/p4444_tfa_water/ffdir/TFA_sorted_residues.xml:/storage/home/hhive1/sparmar32/projects/HTMD/force_field/OPLS/example_lcst/p4444_tfa_water/ffdir/HOH_sorted_residues.xml:/storage/home/hhive1/sparmar32/projects/HTMD/force_field/OPLS/example_lcst/p4444_tfa_water/ffdir/TBP_sorted_residues.xml,/storage/home/hhive1/sparmar32/projects/HTMD/force_field/OPLS/example_lcst/p4444_tfa_water/ffdir/TFA_sorted.xml:/storage/home/hhive1/sparmar32/projects/HTMD/force_field/OPLS/example_lcst/p4444_tfa_water/ffdir/HOH_sorted.xml:/storage/home/hhive1/sparmar32/projects/HTMD/force_field/OPLS/example_lcst/p4444_tfa_water/ffdir/TBP_sorted.xml
p4444_tfa_water,0.05,300,39,3857,3858,/storage/home/hhive1/sparmar32/projects/HTMD/force_field/OPLS/example_lcst,npt_final-4.pdb,md_npt-4.dcd,/storage/home/hhive1/sparmar32/projects/HTMD/force_field/OPLS/example_lcst/p4444_tfa_water/ffdir/TFA_sorted_residues.xml:/storage/home/hhive1/sparmar32/projects/HTMD/force_field/OPLS/example_lcst/p4444_tfa_water/ffdir/HOH_sorted_residues.xml:/storage/home/hhive1/sparmar32/projects/HTMD/force_field/OPLS/example_lcst/p4444_tfa_water/ffdir/TBP_sorted_residues.xml,/storage/home/hhive1/sparmar32/projects/HTMD/force_field/OPLS/example_lcst/p4444_tfa_water/ffdir/TFA_sorted.xml:/storage/home/hhive1/sparmar32/projects/HTMD/force_field/OPLS/example_lcst/p4444_tfa_water/ffdir/HOH_sorted.xml:/storage/home/hhive1/sparmar32/projects/HTMD/force_field/OPLS/example_lcst/p4444_tfa_water/ffdir/TBP_sorted.xml
p4444_tfa_water,0.05,300,186,3857,3858,/storage/home/hhive1/sparmar32/projects/HTMD/force_field/OPLS/example_lcst,npt_final-4.pdb,md_npt-4.dcd,/storage/home/hhive1/sparmar32/projects/HTMD/force_field/OPLS/example_lcst/p4444_tfa_water/ffdir/TFA_sorted_residues.xml:/storage/home/hhive1/sparmar32/projects/HTMD/force_field/OPLS/example_lcst/p4444_tfa_water/ffdir/HOH_sorted_residues.xml:/storage/home/hhive1/sparmar32/projects/HTMD/force_field/OPLS/example_lcst/p4444_tfa_water/ffdir/TBP_sorted_residues.xml,/storage/home/hhive1/sparmar32/projects/HTMD/force_field/OPLS/example_lcst/p4444_tfa_water/ffdir/TFA_sorted.xml:/storage/home/hhive1/sparmar32/projects/HTMD/force_field/OPLS/example_lcst/p4444_tfa_water/ffdir/HOH_sorted.xml:/storage/home/hhive1/sparmar32/projects/HTMD/force_field/OPLS/example_lcst/p4444_tfa_water/ffdir/TBP_sorted.xml
p4444_tfa_water,0.05,300,31,3857,3858,/storage/home/hhive1/sparmar32/projects/HTMD/force_field/OPLS/example_lcst,npt_final-4.pdb,md_npt-4.dcd,/storage/home/hhive1/sparmar32/projects/HTMD/force_field/OPLS/example_lcst/p4444_tfa_water/ffdir/TFA_sorted_residues.xml:/storage/home/hhive1/sparmar32/projects/HTMD/force_field/OPLS/example_lcst/p4444_tfa_water/ffdir/HOH_sorted_residues.xml:/storage/home/hhive1/sparmar32/projects/HTMD/force_field/OPLS/example_lcst/p4444_tfa_water/ffdir/TBP_sorted_residues.xml,/storage/home/hhive1/sparmar32/projects/HTMD/force_field/OPLS/example_lcst/p4444_tfa_water/ffdir/TFA_sorted.xml:/storage/home/hhive1/sparmar32/projects/HTMD/force_field/OPLS/example_lcst/p4444_tfa_water/ffdir/HOH_sorted.xml:/storage/home/hhive1/sparmar32/projects/HTMD/force_field/OPLS/example_lcst/p4444_tfa_water/ffdir/TBP_sorted.xml
p4444_tfa_water,0.05,300,58,3857,3858,/storage/home/hhive1/sparmar32/projects/HTMD/force_field/OPLS/example_lcst,npt_final-4.pdb,md_npt-4.dcd,/storage/home/hhive1/sparmar32/projects/HTMD/force_field/OPLS/example_lcst/p4444_tfa_water/ffdir/TFA_sorted_residues.xml:/storage/home/hhive1/sparmar32/projects/HTMD/force_field/OPLS/example_lcst/p4444_tfa_water/ffdir/HOH_sorted_residues.xml:/storage/home/hhive1/sparmar32/projects/HTMD/force_field/OPLS/example_lcst/p4444_tfa_water/ffdir/TBP_sorted_residues.xml,/storage/home/hhive1/sparmar32/projects/HTMD/force_field/OPLS/example_lcst/p4444_tfa_water/ffdir/TFA_sorted.xml:/storage/home/hhive1/sparmar32/projects/HTMD/force_field/OPLS/example_lcst/p4444_tfa_water/ffdir/HOH_sorted.xml:/storage/home/hhive1/sparmar32/projects/HTMD/force_field/OPLS/example_lcst/p4444_tfa_water/ffdir/TBP_sorted.xml
p4444_tfa_water,0.05,300,2,3857,3858,/storage/home/hhive1/sparmar32/projects/HTMD/force_field/OPLS/example_lcst,npt_final-4.pdb,md_npt-4.dcd,/storage/home/hhive1/sparmar32/projects/HTMD/force_field/OPLS/example_lcst/p4444_tfa_water/ffdir/TFA_sorted_residues.xml:/storage/home/hhive1/sparmar32/projects/HTMD/force_field/OPLS/example_lcst/p4444_tfa_water/ffdir/HOH_sorted_residues.xml:/storage/home/hhive1/sparmar32/projects/HTMD/force_field/OPLS/example_lcst/p4444_tfa_water/ffdir/TBP_sorted_residues.xml,/storage/home/hhive1/sparmar32/projects/HTMD/force_field/OPLS/example_lcst/p4444_tfa_water/ffdir/TFA_sorted.xml:/storage/home/hhive1/sparmar32/projects/HTMD/force_field/OPLS/example_lcst/p4444_tfa_water/ffdir/HOH_sorted.xml:/storage/home/hhive1/sparmar32/projects/HTMD/force_field/OPLS/example_lcst/p4444_tfa_water/ffdir/TBP_sorted.xml
p4444_tfa_water,0.05,300,52,3857,3858,/storage/home/hhive1/sparmar32/projects/HTMD/force_field/OPLS/example_lcst,npt_final-4.pdb,md_npt-4.dcd,/storage/home/hhive1/sparmar32/projects/HTMD/force_field/OPLS/example_lcst/p4444_tfa_water/ffdir/TFA_sorted_residues.xml:/storage/home/hhive1/sparmar32/projects/HTMD/force_field/OPLS/example_lcst/p4444_tfa_water/ffdir/HOH_sorted_residues.xml:/storage/home/hhive1/sparmar32/projects/HTMD/force_field/OPLS/example_lcst/p4444_tfa_water/ffdir/TBP_sorted_residues.xml,/storage/home/hhive1/sparmar32/projects/HTMD/force_field/OPLS/example_lcst/p4444_tfa_water/ffdir/TFA_sorted.xml:/storage/home/hhive1/sparmar32/projects/HTMD/force_field/OPLS/example_lcst/p4444_tfa_water/ffdir/HOH_sorted.xml:/storage/home/hhive1/sparmar32/projects/HTMD/force_field/OPLS/example_lcst/p4444_tfa_water/ffdir/TBP_sorted.xml
p4444_tfa_water,0.05,300,190,3857,3858,/storage/home/hhive1/sparmar32/projects/HTMD/force_field/OPLS/example_lcst,npt_final-4.pdb,md_npt-4.dcd,/storage/home/hhive1/sparmar32/projects/HTMD/force_field/OPLS/example_lcst/p4444_tfa_water/ffdir/TFA_sorted_residues.xml:/storage/home/hhive1/sparmar32/projects/HTMD/force_field/OPLS/example_lcst/p4444_tfa_water/ffdir/HOH_sorted_residues.xml:/storage/home/hhive1/sparmar32/projects/HTMD/force_field/OPLS/example_lcst/p4444_tfa_water/ffdir/TBP_sorted_residues.xml,/storage/home/hhive1/sparmar32/projects/HTMD/force_field/OPLS/example_lcst/p4444_tfa_water/ffdir/TFA_sorted.xml:/storage/home/hhive1/sparmar32/projects/HTMD/force_field/OPLS/example_lcst/p4444_tfa_water/ffdir/HOH_sorted.xml:/storage/home/hhive1/sparmar32/projects/HTMD/force_field/OPLS/example_lcst/p4444_tfa_water/ffdir/TBP_sorted.xml
p4444_tfa_water,0.05,300,159,3857,3858,/storage/home/hhive1/sparmar32/projects/HTMD/force_field/OPLS/example_lcst,npt_final-4.pdb,md_npt-4.dcd,/storage/home/hhive1/sparmar32/projects/HTMD/force_field/OPLS/example_lcst/p4444_tfa_water/ffdir/TFA_sorted_residues.xml:/storage/home/hhive1/sparmar32/projects/HTMD/force_field/OPLS/example_lcst/p4444_tfa_water/ffdir/HOH_sorted_residues.xml:/storage/home/hhive1/sparmar32/projects/HTMD/force_field/OPLS/example_lcst/p4444_tfa_water/ffdir/TBP_sorted_residues.xml,/storage/home/hhive1/sparmar32/projects/HTMD/force_field/OPLS/example_lcst/p4444_tfa_water/ffdir/TFA_sorted.xml:/storage/home/hhive1/sparmar32/projects/HTMD/force_field/OPLS/example_lcst/p4444_tfa_water/ffdir/HOH_sorted.xml:/storage/home/hhive1/sparmar32/projects/HTMD/force_field/OPLS/example_lcst/p4444_tfa_water/ffdir/TBP_sorted.xml
p4444_tfa_water,0.05,300,100,3857,3858,/storage/home/hhive1/sparmar32/projects/HTMD/force_field/OPLS/example_lcst,npt_final-4.pdb,md_npt-4.dcd,/storage/home/hhive1/sparmar32/projects/HTMD/force_field/OPLS/example_lcst/p4444_tfa_water/ffdir/TFA_sorted_residues.xml:/storage/home/hhive1/sparmar32/projects/HTMD/force_field/OPLS/example_lcst/p4444_tfa_water/ffdir/HOH_sorted_residues.xml:/storage/home/hhive1/sparmar32/projects/HTMD/force_field/OPLS/example_lcst/p4444_tfa_water/ffdir/TBP_sorted_residues.xml,/storage/home/hhive1/sparmar32/projects/HTMD/force_field/OPLS/example_lcst/p4444_tfa_water/ffdir/TFA_sorted.xml:/storage/home/hhive1/sparmar32/projects/HTMD/force_field/OPLS/example_lcst/p4444_tfa_water/ffdir/HOH_sorted.xml:/storage/home/hhive1/sparmar32/projects/HTMD/force_field/OPLS/example_lcst/p4444_tfa_water/ffdir/TBP_sorted.xml
p4444_tfa_water,0.05,300,187,3857,3858,/storage/home/hhive1/sparmar32/projects/HTMD/force_field/OPLS/example_lcst,npt_final-4.pdb,md_npt-4.dcd,/storage/home/hhive1/sparmar32/projects/HTMD/force_field/OPLS/example_lcst/p4444_tfa_water/ffdir/TFA_sorted_residues.xml:/storage/home/hhive1/sparmar32/projects/HTMD/force_field/OPLS/example_lcst/p4444_tfa_water/ffdir/HOH_sorted_residues.xml:/storage/home/hhive1/sparmar32/projects/HTMD/force_field/OPLS/example_lcst/p4444_tfa_water/ffdir/TBP_sorted_residues.xml,/storage/home/hhive1/sparmar32/projects/HTMD/force_field/OPLS/example_lcst/p4444_tfa_water/ffdir/TFA_sorted.xml:/storage/home/hhive1/sparmar32/projects/HTMD/force_field/OPLS/example_lcst/p4444_tfa_water/ffdir/HOH_sorted.xml:/storage/home/hhive1/sparmar32/projects/HTMD/force_field/OPLS/example_lcst/p4444_tfa_water/ffdir/TBP_sorted.xml
p4444_tfa_water,0.05,300,113,3857,3858,/storage/home/hhive1/sparmar32/projects/HTMD/force_field/OPLS/example_lcst,npt_final-4.pdb,md_npt-4.dcd,/storage/home/hhive1/sparmar32/projects/HTMD/force_field/OPLS/example_lcst/p4444_tfa_water/ffdir/TFA_sorted_residues.xml:/storage/home/hhive1/sparmar32/projects/HTMD/force_field/OPLS/example_lcst/p4444_tfa_water/ffdir/HOH_sorted_residues.xml:/storage/home/hhive1/sparmar32/projects/HTMD/force_field/OPLS/example_lcst/p4444_tfa_water/ffdir/TBP_sorted_residues.xml,/storage/home/hhive1/sparmar32/projects/HTMD/force_field/OPLS/example_lcst/p4444_tfa_water/ffdir/TFA_sorted.xml:/storage/home/hhive1/sparmar32/projects/HTMD/force_field/OPLS/example_lcst/p4444_tfa_water/ffdir/HOH_sorted.xml:/storage/home/hhive1/sparmar32/projects/HTMD/force_field/OPLS/example_lcst/p4444_tfa_water/ffdir/TBP_sorted.xml
p4444_tfa_water,0.05,300,68,3857,3858,/storage/home/hhive1/sparmar32/projects/HTMD/force_field/OPLS/example_lcst,npt_final-4.pdb,md_npt-4.dcd,/storage/home/hhive1/sparmar32/projects/HTMD/force_field/OPLS/example_lcst/p4444_tfa_water/ffdir/TFA_sorted_residues.xml:/storage/home/hhive1/sparmar32/projects/HTMD/force_field/OPLS/example_lcst/p4444_tfa_water/ffdir/HOH_sorted_residues.xml:/storage/home/hhive1/sparmar32/projects/HTMD/force_field/OPLS/example_lcst/p4444_tfa_water/ffdir/TBP_sorted_residues.xml,/storage/home/hhive1/sparmar32/projects/HTMD/force_field/OPLS/example_lcst/p4444_tfa_water/ffdir/TFA_sorted.xml:/storage/home/hhive1/sparmar32/projects/HTMD/force_field/OPLS/example_lcst/p4444_tfa_water/ffdir/HOH_sorted.xml:/storage/home/hhive1/sparmar32/projects/HTMD/force_field/OPLS/example_lcst/p4444_tfa_water/ffdir/TBP_sorted.xml
p4444_tfa_water,0.05,300,197,3857,3858,/storage/home/hhive1/sparmar32/projects/HTMD/force_field/OPLS/example_lcst,npt_final-4.pdb,md_npt-4.dcd,/storage/home/hhive1/sparmar32/projects/HTMD/force_field/OPLS/example_lcst/p4444_tfa_water/ffdir/TFA_sorted_residues.xml:/storage/home/hhive1/sparmar32/projects/HTMD/force_field/OPLS/example_lcst/p4444_tfa_water/ffdir/HOH_sorted_residues.xml:/storage/home/hhive1/sparmar32/projects/HTMD/force_field/OPLS/example_lcst/p4444_tfa_water/ffdir/TBP_sorted_residues.xml,/storage/home/hhive1/sparmar32/projects/HTMD/force_field/OPLS/example_lcst/p4444_tfa_water/ffdir/TFA_sorted.xml:/storage/home/hhive1/sparmar32/projects/HTMD/force_field/OPLS/example_lcst/p4444_tfa_water/ffdir/HOH_sorted.xml:/storage/home/hhive1/sparmar32/projects/HTMD/force_field/OPLS/example_lcst/p4444_tfa_water/ffdir/TBP_sorted.xml
p4444_tfa_water,0.05,300,38,3857,3858,/storage/home/hhive1/sparmar32/projects/HTMD/force_field/OPLS/example_lcst,npt_final-4.pdb,md_npt-4.dcd,/storage/home/hhive1/sparmar32/projects/HTMD/force_field/OPLS/example_lcst/p4444_tfa_water/ffdir/TFA_sorted_residues.xml:/storage/home/hhive1/sparmar32/projects/HTMD/force_field/OPLS/example_lcst/p4444_tfa_water/ffdir/HOH_sorted_residues.xml:/storage/home/hhive1/sparmar32/projects/HTMD/force_field/OPLS/example_lcst/p4444_tfa_water/ffdir/TBP_sorted_residues.xml,/storage/home/hhive1/sparmar32/projects/HTMD/force_field/OPLS/example_lcst/p4444_tfa_water/ffdir/TFA_sorted.xml:/storage/home/hhive1/sparmar32/projects/HTMD/force_field/OPLS/example_lcst/p4444_tfa_water/ffdir/HOH_sorted.xml:/storage/home/hhive1/sparmar32/projects/HTMD/force_field/OPLS/example_lcst/p4444_tfa_water/ffdir/TBP_sorted.xml
p4444_tfa_water,0.05,300,88,3857,3858,/storage/home/hhive1/sparmar32/projects/HTMD/force_field/OPLS/example_lcst,npt_final-4.pdb,md_npt-4.dcd,/storage/home/hhive1/sparmar32/projects/HTMD/force_field/OPLS/example_lcst/p4444_tfa_water/ffdir/TFA_sorted_residues.xml:/storage/home/hhive1/sparmar32/projects/HTMD/force_field/OPLS/example_lcst/p4444_tfa_water/ffdir/HOH_sorted_residues.xml:/storage/home/hhive1/sparmar32/projects/HTMD/force_field/OPLS/example_lcst/p4444_tfa_water/ffdir/TBP_sorted_residues.xml,/storage/home/hhive1/sparmar32/projects/HTMD/force_field/OPLS/example_lcst/p4444_tfa_water/ffdir/TFA_sorted.xml:/storage/home/hhive1/sparmar32/projects/HTMD/force_field/OPLS/example_lcst/p4444_tfa_water/ffdir/HOH_sorted.xml:/storage/home/hhive1/sparmar32/projects/HTMD/force_field/OPLS/example_lcst/p4444_tfa_water/ffdir/TBP_sorted.xml
p4444_tfa_water,0.05,300,202,3857,3858,/storage/home/hhive1/sparmar32/projects/HTMD/force_field/OPLS/example_lcst,npt_final-4.pdb,md_npt-4.dcd,/storage/home/hhive1/sparmar32/projects/HTMD/force_field/OPLS/example_lcst/p4444_tfa_water/ffdir/TFA_sorted_residues.xml:/storage/home/hhive1/sparmar32/projects/HTMD/force_field/OPLS/example_lcst/p4444_tfa_water/ffdir/HOH_sorted_residues.xml:/storage/home/hhive1/sparmar32/projects/HTMD/force_field/OPLS/example_lcst/p4444_tfa_water/ffdir/TBP_sorted_residues.xml,/storage/home/hhive1/sparmar32/projects/HTMD/force_field/OPLS/example_lcst/p4444_tfa_water/ffdir/TFA_sorted.xml:/storage/home/hhive1/sparmar32/projects/HTMD/force_field/OPLS/example_lcst/p4444_tfa_water/ffdir/HOH_sorted.xml:/storage/home/hhive1/sparmar32/projects/HTMD/force_field/OPLS/example_lcst/p4444_tfa_water/ffdir/TBP_sorted.xml
p4444_tfa_water,0.05,300,71,3857,3858,/storage/home/hhive1/sparmar32/projects/HTMD/force_field/OPLS/example_lcst,npt_final-4.pdb,md_npt-4.dcd,/storage/home/hhive1/sparmar32/projects/HTMD/force_field/OPLS/example_lcst/p4444_tfa_water/ffdir/TFA_sorted_residues.xml:/storage/home/hhive1/sparmar32/projects/HTMD/force_field/OPLS/example_lcst/p4444_tfa_water/ffdir/HOH_sorted_residues.xml:/storage/home/hhive1/sparmar32/projects/HTMD/force_field/OPLS/example_lcst/p4444_tfa_water/ffdir/TBP_sorted_residues.xml,/storage/home/hhive1/sparmar32/projects/HTMD/force_field/OPLS/example_lcst/p4444_tfa_water/ffdir/TFA_sorted.xml:/storage/home/hhive1/sparmar32/projects/HTMD/force_field/OPLS/example_lcst/p4444_tfa_water/ffdir/HOH_sorted.xml:/storage/home/hhive1/sparmar32/projects/HTMD/force_field/OPLS/example_lcst/p4444_tfa_water/ffdir/TBP_sorted.xml
p4444_tfa_water,0.05,300,108,3857,3858,/storage/home/hhive1/sparmar32/projects/HTMD/force_field/OPLS/example_lcst,npt_final-4.pdb,md_npt-4.dcd,/storage/home/hhive1/sparmar32/projects/HTMD/force_field/OPLS/example_lcst/p4444_tfa_water/ffdir/TFA_sorted_residues.xml:/storage/home/hhive1/sparmar32/projects/HTMD/force_field/OPLS/example_lcst/p4444_tfa_water/ffdir/HOH_sorted_residues.xml:/storage/home/hhive1/sparmar32/projects/HTMD/force_field/OPLS/example_lcst/p4444_tfa_water/ffdir/TBP_sorted_residues.xml,/storage/home/hhive1/sparmar32/projects/HTMD/force_field/OPLS/example_lcst/p4444_tfa_water/ffdir/TFA_sorted.xml:/storage/home/hhive1/sparmar32/projects/HTMD/force_field/OPLS/example_lcst/p4444_tfa_water/ffdir/HOH_sorted.xml:/storage/home/hhive1/sparmar32/projects/HTMD/force_field/OPLS/example_lcst/p4444_tfa_water/ffdir/TBP_sorted.xml
p4444_tfa_water,0.05,300,203,3857,3858,/storage/home/hhive1/sparmar32/projects/HTMD/force_field/OPLS/example_lcst,npt_final-4.pdb,md_npt-4.dcd,/storage/home/hhive1/sparmar32/projects/HTMD/force_field/OPLS/example_lcst/p4444_tfa_water/ffdir/TFA_sorted_residues.xml:/storage/home/hhive1/sparmar32/projects/HTMD/force_field/OPLS/example_lcst/p4444_tfa_water/ffdir/HOH_sorted_residues.xml:/storage/home/hhive1/sparmar32/projects/HTMD/force_field/OPLS/example_lcst/p4444_tfa_water/ffdir/TBP_sorted_residues.xml,/storage/home/hhive1/sparmar32/projects/HTMD/force_field/OPLS/example_lcst/p4444_tfa_water/ffdir/TFA_sorted.xml:/storage/home/hhive1/sparmar32/projects/HTMD/force_field/OPLS/example_lcst/p4444_tfa_water/ffdir/HOH_sorted.xml:/storage/home/hhive1/sparmar32/projects/HTMD/force_field/OPLS/example_lcst/p4444_tfa_water/ffdir/TBP_sorted.xml
p4444_tfa_water,0.05,300,44,3857,3858,/storage/home/hhive1/sparmar32/projects/HTMD/force_field/OPLS/example_lcst,npt_final-4.pdb,md_npt-4.dcd,/storage/home/hhive1/sparmar32/projects/HTMD/force_field/OPLS/example_lcst/p4444_tfa_water/ffdir/TFA_sorted_residues.xml:/storage/home/hhive1/sparmar32/projects/HTMD/force_field/OPLS/example_lcst/p4444_tfa_water/ffdir/HOH_sorted_residues.xml:/storage/home/hhive1/sparmar32/projects/HTMD/force_field/OPLS/example_lcst/p4444_tfa_water/ffdir/TBP_sorted_residues.xml,/storage/home/hhive1/sparmar32/projects/HTMD/force_field/OPLS/example_lcst/p4444_tfa_water/ffdir/TFA_sorted.xml:/storage/home/hhive1/sparmar32/projects/HTMD/force_field/OPLS/example_lcst/p4444_tfa_water/ffdir/HOH_sorted.xml:/storage/home/hhive1/sparmar32/projects/HTMD/force_field/OPLS/example_lcst/p4444_tfa_water/ffdir/TBP_sorted.xml
p4444_tfa_water,0.05,300,7,3857,3858,/storage/home/hhive1/sparmar32/projects/HTMD/force_field/OPLS/example_lcst,npt_final-4.pdb,md_npt-4.dcd,/storage/home/hhive1/sparmar32/projects/HTMD/force_field/OPLS/example_lcst/p4444_tfa_water/ffdir/TFA_sorted_residues.xml:/storage/home/hhive1/sparmar32/projects/HTMD/force_field/OPLS/example_lcst/p4444_tfa_water/ffdir/HOH_sorted_residues.xml:/storage/home/hhive1/sparmar32/projects/HTMD/force_field/OPLS/example_lcst/p4444_tfa_water/ffdir/TBP_sorted_residues.xml,/storage/home/hhive1/sparmar32/projects/HTMD/force_field/OPLS/example_lcst/p4444_tfa_water/ffdir/TFA_sorted.xml:/storage/home/hhive1/sparmar32/projects/HTMD/force_field/OPLS/example_lcst/p4444_tfa_water/ffdir/HOH_sorted.xml:/storage/home/hhive1/sparmar32/projects/HTMD/force_field/OPLS/example_lcst/p4444_tfa_water/ffdir/TBP_sorted.xml
p4444_tfa_water,0.05,300,51,3857,3858,/storage/home/hhive1/sparmar32/projects/HTMD/force_field/OPLS/example_lcst,npt_final-4.pdb,md_npt-4.dcd,/storage/home/hhive1/sparmar32/projects/HTMD/force_field/OPLS/example_lcst/p4444_tfa_water/ffdir/TFA_sorted_residues.xml:/storage/home/hhive1/sparmar32/projects/HTMD/force_field/OPLS/example_lcst/p4444_tfa_water/ffdir/HOH_sorted_residues.xml:/storage/home/hhive1/sparmar32/projects/HTMD/force_field/OPLS/example_lcst/p4444_tfa_water/ffdir/TBP_sorted_residues.xml,/storage/home/hhive1/sparmar32/projects/HTMD/force_field/OPLS/example_lcst/p4444_tfa_water/ffdir/TFA_sorted.xml:/storage/home/hhive1/sparmar32/projects/HTMD/force_field/OPLS/example_lcst/p4444_tfa_water/ffdir/HOH_sorted.xml:/storage/home/hhive1/sparmar32/projects/HTMD/force_field/OPLS/example_lcst/p4444_tfa_water/ffdir/TBP_sorted.xml
p4444_tfa_water,0.05,300,163,3857,3858,/storage/home/hhive1/sparmar32/projects/HTMD/force_field/OPLS/example_lcst,npt_final-4.pdb,md_npt-4.dcd,/storage/home/hhive1/sparmar32/projects/HTMD/force_field/OPLS/example_lcst/p4444_tfa_water/ffdir/TFA_sorted_residues.xml:/storage/home/hhive1/sparmar32/projects/HTMD/force_field/OPLS/example_lcst/p4444_tfa_water/ffdir/HOH_sorted_residues.xml:/storage/home/hhive1/sparmar32/projects/HTMD/force_field/OPLS/example_lcst/p4444_tfa_water/ffdir/TBP_sorted_residues.xml,/storage/home/hhive1/sparmar32/projects/HTMD/force_field/OPLS/example_lcst/p4444_tfa_water/ffdir/TFA_sorted.xml:/storage/home/hhive1/sparmar32/projects/HTMD/force_field/OPLS/example_lcst/p4444_tfa_water/ffdir/HOH_sorted.xml:/storage/home/hhive1/sparmar32/projects/HTMD/force_field/OPLS/example_lcst/p4444_tfa_water/ffdir/TBP_sorted.xml
p4444_tfa_water,0.05,300,98,3857,3858,/storage/home/hhive1/sparmar32/projects/HTMD/force_field/OPLS/example_lcst,npt_final-4.pdb,md_npt-4.dcd,/storage/home/hhive1/sparmar32/projects/HTMD/force_field/OPLS/example_lcst/p4444_tfa_water/ffdir/TFA_sorted_residues.xml:/storage/home/hhive1/sparmar32/projects/HTMD/force_field/OPLS/example_lcst/p4444_tfa_water/ffdir/HOH_sorted_residues.xml:/storage/home/hhive1/sparmar32/projects/HTMD/force_field/OPLS/example_lcst/p4444_tfa_water/ffdir/TBP_sorted_residues.xml,/storage/home/hhive1/sparmar32/projects/HTMD/force_field/OPLS/example_lcst/p4444_tfa_water/ffdir/TFA_sorted.xml:/storage/home/hhive1/sparmar32/projects/HTMD/force_field/OPLS/example_lcst/p4444_tfa_water/ffdir/HOH_sorted.xml:/storage/home/hhive1/sparmar32/projects/HTMD/force_field/OPLS/example_lcst/p4444_tfa_water/ffdir/TBP_sorted.xml
p4444_tfa_water,0.05,300,181,3857,3858,/storage/home/hhive1/sparmar32/projects/HTMD/force_field/OPLS/example_lcst,npt_final-4.pdb,md_npt-4.dcd,/storage/home/hhive1/sparmar32/projects/HTMD/force_field/OPLS/example_lcst/p4444_tfa_water/ffdir/TFA_sorted_residues.xml:/storage/home/hhive1/sparmar32/projects/HTMD/force_field/OPLS/example_lcst/p4444_tfa_water/ffdir/HOH_sorted_residues.xml:/storage/home/hhive1/sparmar32/projects/HTMD/force_field/OPLS/example_lcst/p4444_tfa_water/ffdir/TBP_sorted_residues.xml,/storage/home/hhive1/sparmar32/projects/HTMD/force_field/OPLS/example_lcst/p4444_tfa_water/ffdir/TFA_sorted.xml:/storage/home/hhive1/sparmar32/projects/HTMD/force_field/OPLS/example_lcst/p4444_tfa_water/ffdir/HOH_sorted.xml:/storage/home/hhive1/sparmar32/projects/HTMD/force_field/OPLS/example_lcst/p4444_tfa_water/ffdir/TBP_sorted.xml
p4444_tfa_water,0.05,300,122,3857,3858,/storage/home/hhive1/sparmar32/projects/HTMD/force_field/OPLS/example_lcst,npt_final-4.pdb,md_npt-4.dcd,/storage/home/hhive1/sparmar32/projects/HTMD/force_field/OPLS/example_lcst/p4444_tfa_water/ffdir/TFA_sorted_residues.xml:/storage/home/hhive1/sparmar32/projects/HTMD/force_field/OPLS/example_lcst/p4444_tfa_water/ffdir/HOH_sorted_residues.xml:/storage/home/hhive1/sparmar32/projects/HTMD/force_field/OPLS/example_lcst/p4444_tfa_water/ffdir/TBP_sorted_residues.xml,/storage/home/hhive1/sparmar32/projects/HTMD/force_field/OPLS/example_lcst/p4444_tfa_water/ffdir/TFA_sorted.xml:/storage/home/hhive1/sparmar32/projects/HTMD/force_field/OPLS/example_lcst/p4444_tfa_water/ffdir/HOH_sorted.xml:/storage/home/hhive1/sparmar32/projects/HTMD/force_field/OPLS/example_lcst/p4444_tfa_water/ffdir/TBP_sorted.xml
p4444_tfa_water,0.05,300,59,3857,3858,/storage/home/hhive1/sparmar32/projects/HTMD/force_field/OPLS/example_lcst,npt_final-4.pdb,md_npt-4.dcd,/storage/home/hhive1/sparmar32/projects/HTMD/force_field/OPLS/example_lcst/p4444_tfa_water/ffdir/TFA_sorted_residues.xml:/storage/home/hhive1/sparmar32/projects/HTMD/force_field/OPLS/example_lcst/p4444_tfa_water/ffdir/HOH_sorted_residues.xml:/storage/home/hhive1/sparmar32/projects/HTMD/force_field/OPLS/example_lcst/p4444_tfa_water/ffdir/TBP_sorted_residues.xml,/storage/home/hhive1/sparmar32/projects/HTMD/force_field/OPLS/example_lcst/p4444_tfa_water/ffdir/TFA_sorted.xml:/storage/home/hhive1/sparmar32/projects/HTMD/force_field/OPLS/example_lcst/p4444_tfa_water/ffdir/HOH_sorted.xml:/storage/home/hhive1/sparmar32/projects/HTMD/force_field/OPLS/example_lcst/p4444_tfa_water/ffdir/TBP_sorted.xml
p4444_tfa_water,0.05,300,90,3857,3858,/storage/home/hhive1/sparmar32/projects/HTMD/force_field/OPLS/example_lcst,npt_final-4.pdb,md_npt-4.dcd,/storage/home/hhive1/sparmar32/projects/HTMD/force_field/OPLS/example_lcst/p4444_tfa_water/ffdir/TFA_sorted_residues.xml:/storage/home/hhive1/sparmar32/projects/HTMD/force_field/OPLS/example_lcst/p4444_tfa_water/ffdir/HOH_sorted_residues.xml:/storage/home/hhive1/sparmar32/projects/HTMD/force_field/OPLS/example_lcst/p4444_tfa_water/ffdir/TBP_sorted_residues.xml,/storage/home/hhive1/sparmar32/projects/HTMD/force_field/OPLS/example_lcst/p4444_tfa_water/ffdir/TFA_sorted.xml:/storage/home/hhive1/sparmar32/projects/HTMD/force_field/OPLS/example_lcst/p4444_tfa_water/ffdir/HOH_sorted.xml:/storage/home/hhive1/sparmar32/projects/HTMD/force_field/OPLS/example_lcst/p4444_tfa_water/ffdir/TBP_sorted.xml
p4444_tfa_water,0.05,300,109,3857,3858,/storage/home/hhive1/sparmar32/projects/HTMD/force_field/OPLS/example_lcst,npt_final-4.pdb,md_npt-4.dcd,/storage/home/hhive1/sparmar32/projects/HTMD/force_field/OPLS/example_lcst/p4444_tfa_water/ffdir/TFA_sorted_residues.xml:/storage/home/hhive1/sparmar32/projects/HTMD/force_field/OPLS/example_lcst/p4444_tfa_water/ffdir/HOH_sorted_residues.xml:/storage/home/hhive1/sparmar32/projects/HTMD/force_field/OPLS/example_lcst/p4444_tfa_water/ffdir/TBP_sorted_residues.xml,/storage/home/hhive1/sparmar32/projects/HTMD/force_field/OPLS/example_lcst/p4444_tfa_water/ffdir/TFA_sorted.xml:/storage/home/hhive1/sparmar32/projects/HTMD/force_field/OPLS/example_lcst/p4444_tfa_water/ffdir/HOH_sorted.xml:/storage/home/hhive1/sparmar32/projects/HTMD/force_field/OPLS/example_lcst/p4444_tfa_water/ffdir/TBP_sorted.xml
p4444_tfa_water,0.05,300,172,3857,3858,/storage/home/hhive1/sparmar32/projects/HTMD/force_field/OPLS/example_lcst,npt_final-4.pdb,md_npt-4.dcd,/storage/home/hhive1/sparmar32/projects/HTMD/force_field/OPLS/example_lcst/p4444_tfa_water/ffdir/TFA_sorted_residues.xml:/storage/home/hhive1/sparmar32/projects/HTMD/force_field/OPLS/example_lcst/p4444_tfa_water/ffdir/HOH_sorted_residues.xml:/storage/home/hhive1/sparmar32/projects/HTMD/force_field/OPLS/example_lcst/p4444_tfa_water/ffdir/TBP_sorted_residues.xml,/storage/home/hhive1/sparmar32/projects/HTMD/force_field/OPLS/example_lcst/p4444_tfa_water/ffdir/TFA_sorted.xml:/storage/home/hhive1/sparmar32/projects/HTMD/force_field/OPLS/example_lcst/p4444_tfa_water/ffdir/HOH_sorted.xml:/storage/home/hhive1/sparmar32/projects/HTMD/force_field/OPLS/example_lcst/p4444_tfa_water/ffdir/TBP_sorted.xml
p4444_tfa_water,0.05,300,40,3857,3858,/storage/home/hhive1/sparmar32/projects/HTMD/force_field/OPLS/example_lcst,npt_final-4.pdb,md_npt-4.dcd,/storage/home/hhive1/sparmar32/projects/HTMD/force_field/OPLS/example_lcst/p4444_tfa_water/ffdir/TFA_sorted_residues.xml:/storage/home/hhive1/sparmar32/projects/HTMD/force_field/OPLS/example_lcst/p4444_tfa_water/ffdir/HOH_sorted_residues.xml:/storage/home/hhive1/sparmar32/projects/HTMD/force_field/OPLS/example_lcst/p4444_tfa_water/ffdir/TBP_sorted_residues.xml,/storage/home/hhive1/sparmar32/projects/HTMD/force_field/OPLS/example_lcst/p4444_tfa_water/ffdir/TFA_sorted.xml:/storage/home/hhive1/sparmar32/projects/HTMD/force_field/OPLS/example_lcst/p4444_tfa_water/ffdir/HOH_sorted.xml:/storage/home/hhive1/sparmar32/projects/HTMD/force_field/OPLS/example_lcst/p4444_tfa_water/ffdir/TBP_sorted.xml
p4444_tfa_water,0.05,300,184,3857,3858,/storage/home/hhive1/sparmar32/projects/HTMD/force_field/OPLS/example_lcst,npt_final-4.pdb,md_npt-4.dcd,/storage/home/hhive1/sparmar32/projects/HTMD/force_field/OPLS/example_lcst/p4444_tfa_water/ffdir/TFA_sorted_residues.xml:/storage/home/hhive1/sparmar32/projects/HTMD/force_field/OPLS/example_lcst/p4444_tfa_water/ffdir/HOH_sorted_residues.xml:/storage/home/hhive1/sparmar32/projects/HTMD/force_field/OPLS/example_lcst/p4444_tfa_water/ffdir/TBP_sorted_residues.xml,/storage/home/hhive1/sparmar32/projects/HTMD/force_field/OPLS/example_lcst/p4444_tfa_water/ffdir/TFA_sorted.xml:/storage/home/hhive1/sparmar32/projects/HTMD/force_field/OPLS/example_lcst/p4444_tfa_water/ffdir/HOH_sorted.xml:/storage/home/hhive1/sparmar32/projects/HTMD/force_field/OPLS/example_lcst/p4444_tfa_water/ffdir/TBP_sorted.xml
p4444_tfa_water,0.05,300,147,3857,3858,/storage/home/hhive1/sparmar32/projects/HTMD/force_field/OPLS/example_lcst,npt_final-4.pdb,md_npt-4.dcd,/storage/home/hhive1/sparmar32/projects/HTMD/force_field/OPLS/example_lcst/p4444_tfa_water/ffdir/TFA_sorted_residues.xml:/storage/home/hhive1/sparmar32/projects/HTMD/force_field/OPLS/example_lcst/p4444_tfa_water/ffdir/HOH_sorted_residues.xml:/storage/home/hhive1/sparmar32/projects/HTMD/force_field/OPLS/example_lcst/p4444_tfa_water/ffdir/TBP_sorted_residues.xml,/storage/home/hhive1/sparmar32/projects/HTMD/force_field/OPLS/example_lcst/p4444_tfa_water/ffdir/TFA_sorted.xml:/storage/home/hhive1/sparmar32/projects/HTMD/force_field/OPLS/example_lcst/p4444_tfa_water/ffdir/HOH_sorted.xml:/storage/home/hhive1/sparmar32/projects/HTMD/force_field/OPLS/example_lcst/p4444_tfa_water/ffdir/TBP_sorted.xml
p4444_tfa_water,0.05,300,4,3857,3858,/storage/home/hhive1/sparmar32/projects/HTMD/force_field/OPLS/example_lcst,npt_final-4.pdb,md_npt-4.dcd,/storage/home/hhive1/sparmar32/projects/HTMD/force_field/OPLS/example_lcst/p4444_tfa_water/ffdir/TFA_sorted_residues.xml:/storage/home/hhive1/sparmar32/projects/HTMD/force_field/OPLS/example_lcst/p4444_tfa_water/ffdir/HOH_sorted_residues.xml:/storage/home/hhive1/sparmar32/projects/HTMD/force_field/OPLS/example_lcst/p4444_tfa_water/ffdir/TBP_sorted_residues.xml,/storage/home/hhive1/sparmar32/projects/HTMD/force_field/OPLS/example_lcst/p4444_tfa_water/ffdir/TFA_sorted.xml:/storage/home/hhive1/sparmar32/projects/HTMD/force_field/OPLS/example_lcst/p4444_tfa_water/ffdir/HOH_sorted.xml:/storage/home/hhive1/sparmar32/projects/HTMD/force_field/OPLS/example_lcst/p4444_tfa_water/ffdir/TBP_sorted.xml
p4444_tfa_water,0.05,300,35,3857,3858,/storage/home/hhive1/sparmar32/projects/HTMD/force_field/OPLS/example_lcst,npt_final-4.pdb,md_npt-4.dcd,/storage/home/hhive1/sparmar32/projects/HTMD/force_field/OPLS/example_lcst/p4444_tfa_water/ffdir/TFA_sorted_residues.xml:/storage/home/hhive1/sparmar32/projects/HTMD/force_field/OPLS/example_lcst/p4444_tfa_water/ffdir/HOH_sorted_residues.xml:/storage/home/hhive1/sparmar32/projects/HTMD/force_field/OPLS/example_lcst/p4444_tfa_water/ffdir/TBP_sorted_residues.xml,/storage/home/hhive1/sparmar32/projects/HTMD/force_field/OPLS/example_lcst/p4444_tfa_water/ffdir/TFA_sorted.xml:/storage/home/hhive1/sparmar32/projects/HTMD/force_field/OPLS/example_lcst/p4444_tfa_water/ffdir/HOH_sorted.xml:/storage/home/hhive1/sparmar32/projects/HTMD/force_field/OPLS/example_lcst/p4444_tfa_water/ffdir/TBP_sorted.xml
p4444_tfa_water,0.05,300,193,3857,3858,/storage/home/hhive1/sparmar32/projects/HTMD/force_field/OPLS/example_lcst,npt_final-4.pdb,md_npt-4.dcd,/storage/home/hhive1/sparmar32/projects/HTMD/force_field/OPLS/example_lcst/p4444_tfa_water/ffdir/TFA_sorted_residues.xml:/storage/home/hhive1/sparmar32/projects/HTMD/force_field/OPLS/example_lcst/p4444_tfa_water/ffdir/HOH_sorted_residues.xml:/storage/home/hhive1/sparmar32/projects/HTMD/force_field/OPLS/example_lcst/p4444_tfa_water/ffdir/TBP_sorted_residues.xml,/storage/home/hhive1/sparmar32/projects/HTMD/force_field/OPLS/example_lcst/p4444_tfa_water/ffdir/TFA_sorted.xml:/storage/home/hhive1/sparmar32/projects/HTMD/force_field/OPLS/example_lcst/p4444_tfa_water/ffdir/HOH_sorted.xml:/storage/home/hhive1/sparmar32/projects/HTMD/force_field/OPLS/example_lcst/p4444_tfa_water/ffdir/TBP_sorted.xml
p4444_tfa_water,0.05,300,104,3857,3858,/storage/home/hhive1/sparmar32/projects/HTMD/force_field/OPLS/example_lcst,npt_final-4.pdb,md_npt-4.dcd,/storage/home/hhive1/sparmar32/projects/HTMD/force_field/OPLS/example_lcst/p4444_tfa_water/ffdir/TFA_sorted_residues.xml:/storage/home/hhive1/sparmar32/projects/HTMD/force_field/OPLS/example_lcst/p4444_tfa_water/ffdir/HOH_sorted_residues.xml:/storage/home/hhive1/sparmar32/projects/HTMD/force_field/OPLS/example_lcst/p4444_tfa_water/ffdir/TBP_sorted_residues.xml,/storage/home/hhive1/sparmar32/projects/HTMD/force_field/OPLS/example_lcst/p4444_tfa_water/ffdir/TFA_sorted.xml:/storage/home/hhive1/sparmar32/projects/HTMD/force_field/OPLS/example_lcst/p4444_tfa_water/ffdir/HOH_sorted.xml:/storage/home/hhive1/sparmar32/projects/HTMD/force_field/OPLS/example_lcst/p4444_tfa_water/ffdir/TBP_sorted.xml
p4444_tfa_water,0.05,300,15,3857,3858,/storage/home/hhive1/sparmar32/projects/HTMD/force_field/OPLS/example_lcst,npt_final-4.pdb,md_npt-4.dcd,/storage/home/hhive1/sparmar32/projects/HTMD/force_field/OPLS/example_lcst/p4444_tfa_water/ffdir/TFA_sorted_residues.xml:/storage/home/hhive1/sparmar32/projects/HTMD/force_field/OPLS/example_lcst/p4444_tfa_water/ffdir/HOH_sorted_residues.xml:/storage/home/hhive1/sparmar32/projects/HTMD/force_field/OPLS/example_lcst/p4444_tfa_water/ffdir/TBP_sorted_residues.xml,/storage/home/hhive1/sparmar32/projects/HTMD/force_field/OPLS/example_lcst/p4444_tfa_water/ffdir/TFA_sorted.xml:/storage/home/hhive1/sparmar32/projects/HTMD/force_field/OPLS/example_lcst/p4444_tfa_water/ffdir/HOH_sorted.xml:/storage/home/hhive1/sparmar32/projects/HTMD/force_field/OPLS/example_lcst/p4444_tfa_water/ffdir/TBP_sorted.xml
p4444_tfa_water,0.05,300,175,3857,3858,/storage/home/hhive1/sparmar32/projects/HTMD/force_field/OPLS/example_lcst,npt_final-4.pdb,md_npt-4.dcd,/storage/home/hhive1/sparmar32/projects/HTMD/force_field/OPLS/example_lcst/p4444_tfa_water/ffdir/TFA_sorted_residues.xml:/storage/home/hhive1/sparmar32/projects/HTMD/force_field/OPLS/example_lcst/p4444_tfa_water/ffdir/HOH_sorted_residues.xml:/storage/home/hhive1/sparmar32/projects/HTMD/force_field/OPLS/example_lcst/p4444_tfa_water/ffdir/TBP_sorted_residues.xml,/storage/home/hhive1/sparmar32/projects/HTMD/force_field/OPLS/example_lcst/p4444_tfa_water/ffdir/TFA_sorted.xml:/storage/home/hhive1/sparmar32/projects/HTMD/force_field/OPLS/example_lcst/p4444_tfa_water/ffdir/HOH_sorted.xml:/storage/home/hhive1/sparmar32/projects/HTMD/force_field/OPLS/example_lcst/p4444_tfa_water/ffdir/TBP_sorted.xml
p4444_tfa_water,0.05,300,213,3857,3858,/storage/home/hhive1/sparmar32/projects/HTMD/force_field/OPLS/example_lcst,npt_final-4.pdb,md_npt-4.dcd,/storage/home/hhive1/sparmar32/projects/HTMD/force_field/OPLS/example_lcst/p4444_tfa_water/ffdir/TFA_sorted_residues.xml:/storage/home/hhive1/sparmar32/projects/HTMD/force_field/OPLS/example_lcst/p4444_tfa_water/ffdir/HOH_sorted_residues.xml:/storage/home/hhive1/sparmar32/projects/HTMD/force_field/OPLS/example_lcst/p4444_tfa_water/ffdir/TBP_sorted_residues.xml,/storage/home/hhive1/sparmar32/projects/HTMD/force_field/OPLS/example_lcst/p4444_tfa_water/ffdir/TFA_sorted.xml:/storage/home/hhive1/sparmar32/projects/HTMD/force_field/OPLS/example_lcst/p4444_tfa_water/ffdir/HOH_sorted.xml:/storage/home/hhive1/sparmar32/projects/HTMD/force_field/OPLS/example_lcst/p4444_tfa_water/ffdir/TBP_sorted.xml
p4444_tfa_water,0.05,300,214,3857,3858,/storage/home/hhive1/sparmar32/projects/HTMD/force_field/OPLS/example_lcst,npt_final-4.pdb,md_npt-4.dcd,/storage/home/hhive1/sparmar32/projects/HTMD/force_field/OPLS/example_lcst/p4444_tfa_water/ffdir/TFA_sorted_residues.xml:/storage/home/hhive1/sparmar32/projects/HTMD/force_field/OPLS/example_lcst/p4444_tfa_water/ffdir/HOH_sorted_residues.xml:/storage/home/hhive1/sparmar32/projects/HTMD/force_field/OPLS/example_lcst/p4444_tfa_water/ffdir/TBP_sorted_residues.xml,/storage/home/hhive1/sparmar32/projects/HTMD/force_field/OPLS/example_lcst/p4444_tfa_water/ffdir/TFA_sorted.xml:/storage/home/hhive1/sparmar32/projects/HTMD/force_field/OPLS/example_lcst/p4444_tfa_water/ffdir/HOH_sorted.xml:/storage/home/hhive1/sparmar32/projects/HTMD/force_field/OPLS/example_lcst/p4444_tfa_water/ffdir/TBP_sorted.xml
p4444_tfa_water,0.05,300,67,3857,3858,/storage/home/hhive1/sparmar32/projects/HTMD/force_field/OPLS/example_lcst,npt_final-4.pdb,md_npt-4.dcd,/storage/home/hhive1/sparmar32/projects/HTMD/force_field/OPLS/example_lcst/p4444_tfa_water/ffdir/TFA_sorted_residues.xml:/storage/home/hhive1/sparmar32/projects/HTMD/force_field/OPLS/example_lcst/p4444_tfa_water/ffdir/HOH_sorted_residues.xml:/storage/home/hhive1/sparmar32/projects/HTMD/force_field/OPLS/example_lcst/p4444_tfa_water/ffdir/TBP_sorted_residues.xml,/storage/home/hhive1/sparmar32/projects/HTMD/force_field/OPLS/example_lcst/p4444_tfa_water/ffdir/TFA_sorted.xml:/storage/home/hhive1/sparmar32/projects/HTMD/force_field/OPLS/example_lcst/p4444_tfa_water/ffdir/HOH_sorted.xml:/storage/home/hhive1/sparmar32/projects/HTMD/force_field/OPLS/example_lcst/p4444_tfa_water/ffdir/TBP_sorted.xml
p4444_tfa_water,0.05,300,45,3857,3858,/storage/home/hhive1/sparmar32/projects/HTMD/force_field/OPLS/example_lcst,npt_final-4.pdb,md_npt-4.dcd,/storage/home/hhive1/sparmar32/projects/HTMD/force_field/OPLS/example_lcst/p4444_tfa_water/ffdir/TFA_sorted_residues.xml:/storage/home/hhive1/sparmar32/projects/HTMD/force_field/OPLS/example_lcst/p4444_tfa_water/ffdir/HOH_sorted_residues.xml:/storage/home/hhive1/sparmar32/projects/HTMD/force_field/OPLS/example_lcst/p4444_tfa_water/ffdir/TBP_sorted_residues.xml,/storage/home/hhive1/sparmar32/projects/HTMD/force_field/OPLS/example_lcst/p4444_tfa_water/ffdir/TFA_sorted.xml:/storage/home/hhive1/sparmar32/projects/HTMD/force_field/OPLS/example_lcst/p4444_tfa_water/ffdir/HOH_sorted.xml:/storage/home/hhive1/sparmar32/projects/HTMD/force_field/OPLS/example_lcst/p4444_tfa_water/ffdir/TBP_sorted.xml
p4444_tfa_water,0.05,300,145,3857,3858,/storage/home/hhive1/sparmar32/projects/HTMD/force_field/OPLS/example_lcst,npt_final-4.pdb,md_npt-4.dcd,/storage/home/hhive1/sparmar32/projects/HTMD/force_field/OPLS/example_lcst/p4444_tfa_water/ffdir/TFA_sorted_residues.xml:/storage/home/hhive1/sparmar32/projects/HTMD/force_field/OPLS/example_lcst/p4444_tfa_water/ffdir/HOH_sorted_residues.xml:/storage/home/hhive1/sparmar32/projects/HTMD/force_field/OPLS/example_lcst/p4444_tfa_water/ffdir/TBP_sorted_residues.xml,/storage/home/hhive1/sparmar32/projects/HTMD/force_field/OPLS/example_lcst/p4444_tfa_water/ffdir/TFA_sorted.xml:/storage/home/hhive1/sparmar32/projects/HTMD/force_field/OPLS/example_lcst/p4444_tfa_water/ffdir/HOH_sorted.xml:/storage/home/hhive1/sparmar32/projects/HTMD/force_field/OPLS/example_lcst/p4444_tfa_water/ffdir/TBP_sorted.xml
p4444_tfa_water,0.05,300,92,3857,3858,/storage/home/hhive1/sparmar32/projects/HTMD/force_field/OPLS/example_lcst,npt_final-4.pdb,md_npt-4.dcd,/storage/home/hhive1/sparmar32/projects/HTMD/force_field/OPLS/example_lcst/p4444_tfa_water/ffdir/TFA_sorted_residues.xml:/storage/home/hhive1/sparmar32/projects/HTMD/force_field/OPLS/example_lcst/p4444_tfa_water/ffdir/HOH_sorted_residues.xml:/storage/home/hhive1/sparmar32/projects/HTMD/force_field/OPLS/example_lcst/p4444_tfa_water/ffdir/TBP_sorted_residues.xml,/storage/home/hhive1/sparmar32/projects/HTMD/force_field/OPLS/example_lcst/p4444_tfa_water/ffdir/TFA_sorted.xml:/storage/home/hhive1/sparmar32/projects/HTMD/force_field/OPLS/example_lcst/p4444_tfa_water/ffdir/HOH_sorted.xml:/storage/home/hhive1/sparmar32/projects/HTMD/force_field/OPLS/example_lcst/p4444_tfa_water/ffdir/TBP_sorted.xml
p4444_tfa_water,0.05,300,55,3857,3858,/storage/home/hhive1/sparmar32/projects/HTMD/force_field/OPLS/example_lcst,npt_final-4.pdb,md_npt-4.dcd,/storage/home/hhive1/sparmar32/projects/HTMD/force_field/OPLS/example_lcst/p4444_tfa_water/ffdir/TFA_sorted_residues.xml:/storage/home/hhive1/sparmar32/projects/HTMD/force_field/OPLS/example_lcst/p4444_tfa_water/ffdir/HOH_sorted_residues.xml:/storage/home/hhive1/sparmar32/projects/HTMD/force_field/OPLS/example_lcst/p4444_tfa_water/ffdir/TBP_sorted_residues.xml,/storage/home/hhive1/sparmar32/projects/HTMD/force_field/OPLS/example_lcst/p4444_tfa_water/ffdir/TFA_sorted.xml:/storage/home/hhive1/sparmar32/projects/HTMD/force_field/OPLS/example_lcst/p4444_tfa_water/ffdir/HOH_sorted.xml:/storage/home/hhive1/sparmar32/projects/HTMD/force_field/OPLS/example_lcst/p4444_tfa_water/ffdir/TBP_sorted.xml
p4444_tfa_water,0.05,300,167,3857,3858,/storage/home/hhive1/sparmar32/projects/HTMD/force_field/OPLS/example_lcst,npt_final-4.pdb,md_npt-4.dcd,/storage/home/hhive1/sparmar32/projects/HTMD/force_field/OPLS/example_lcst/p4444_tfa_water/ffdir/TFA_sorted_residues.xml:/storage/home/hhive1/sparmar32/projects/HTMD/force_field/OPLS/example_lcst/p4444_tfa_water/ffdir/HOH_sorted_residues.xml:/storage/home/hhive1/sparmar32/projects/HTMD/force_field/OPLS/example_lcst/p4444_tfa_water/ffdir/TBP_sorted_residues.xml,/storage/home/hhive1/sparmar32/projects/HTMD/force_field/OPLS/example_lcst/p4444_tfa_water/ffdir/TFA_sorted.xml:/storage/home/hhive1/sparmar32/projects/HTMD/force_field/OPLS/example_lcst/p4444_tfa_water/ffdir/HOH_sorted.xml:/storage/home/hhive1/sparmar32/projects/HTMD/force_field/OPLS/example_lcst/p4444_tfa_water/ffdir/TBP_sorted.xml
p4444_tfa_water,0.05,300,73,3857,3858,/storage/home/hhive1/sparmar32/projects/HTMD/force_field/OPLS/example_lcst,npt_final-4.pdb,md_npt-4.dcd,/storage/home/hhive1/sparmar32/projects/HTMD/force_field/OPLS/example_lcst/p4444_tfa_water/ffdir/TFA_sorted_residues.xml:/storage/home/hhive1/sparmar32/projects/HTMD/force_field/OPLS/example_lcst/p4444_tfa_water/ffdir/HOH_sorted_residues.xml:/storage/home/hhive1/sparmar32/projects/HTMD/force_field/OPLS/example_lcst/p4444_tfa_water/ffdir/TBP_sorted_residues.xml,/storage/home/hhive1/sparmar32/projects/HTMD/force_field/OPLS/example_lcst/p4444_tfa_water/ffdir/TFA_sorted.xml:/storage/home/hhive1/sparmar32/projects/HTMD/force_field/OPLS/example_lcst/p4444_tfa_water/ffdir/HOH_sorted.xml:/storage/home/hhive1/sparmar32/projects/HTMD/force_field/OPLS/example_lcst/p4444_tfa_water/ffdir/TBP_sorted.xml
p4444_tfa_water,0.05,300,75,3857,3858,/storage/home/hhive1/sparmar32/projects/HTMD/force_field/OPLS/example_lcst,npt_final-4.pdb,md_npt-4.dcd,/storage/home/hhive1/sparmar32/projects/HTMD/force_field/OPLS/example_lcst/p4444_tfa_water/ffdir/TFA_sorted_residues.xml:/storage/home/hhive1/sparmar32/projects/HTMD/force_field/OPLS/example_lcst/p4444_tfa_water/ffdir/HOH_sorted_residues.xml:/storage/home/hhive1/sparmar32/projects/HTMD/force_field/OPLS/example_lcst/p4444_tfa_water/ffdir/TBP_sorted_residues.xml,/storage/home/hhive1/sparmar32/projects/HTMD/force_field/OPLS/example_lcst/p4444_tfa_water/ffdir/TFA_sorted.xml:/storage/home/hhive1/sparmar32/projects/HTMD/force_field/OPLS/example_lcst/p4444_tfa_water/ffdir/HOH_sorted.xml:/storage/home/hhive1/sparmar32/projects/HTMD/force_field/OPLS/example_lcst/p4444_tfa_water/ffdir/TBP_sorted.xml
p4444_tfa_water,0.05,300,61,3857,3858,/storage/home/hhive1/sparmar32/projects/HTMD/force_field/OPLS/example_lcst,npt_final-4.pdb,md_npt-4.dcd,/storage/home/hhive1/sparmar32/projects/HTMD/force_field/OPLS/example_lcst/p4444_tfa_water/ffdir/TFA_sorted_residues.xml:/storage/home/hhive1/sparmar32/projects/HTMD/force_field/OPLS/example_lcst/p4444_tfa_water/ffdir/HOH_sorted_residues.xml:/storage/home/hhive1/sparmar32/projects/HTMD/force_field/OPLS/example_lcst/p4444_tfa_water/ffdir/TBP_sorted_residues.xml,/storage/home/hhive1/sparmar32/projects/HTMD/force_field/OPLS/example_lcst/p4444_tfa_water/ffdir/TFA_sorted.xml:/storage/home/hhive1/sparmar32/projects/HTMD/force_field/OPLS/example_lcst/p4444_tfa_water/ffdir/HOH_sorted.xml:/storage/home/hhive1/sparmar32/projects/HTMD/force_field/OPLS/example_lcst/p4444_tfa_water/ffdir/TBP_sorted.xml
p4444_tfa_water,0.05,300,48,3857,3858,/storage/home/hhive1/sparmar32/projects/HTMD/force_field/OPLS/example_lcst,npt_final-4.pdb,md_npt-4.dcd,/storage/home/hhive1/sparmar32/projects/HTMD/force_field/OPLS/example_lcst/p4444_tfa_water/ffdir/TFA_sorted_residues.xml:/storage/home/hhive1/sparmar32/projects/HTMD/force_field/OPLS/example_lcst/p4444_tfa_water/ffdir/HOH_sorted_residues.xml:/storage/home/hhive1/sparmar32/projects/HTMD/force_field/OPLS/example_lcst/p4444_tfa_water/ffdir/TBP_sorted_residues.xml,/storage/home/hhive1/sparmar32/projects/HTMD/force_field/OPLS/example_lcst/p4444_tfa_water/ffdir/TFA_sorted.xml:/storage/home/hhive1/sparmar32/projects/HTMD/force_field/OPLS/example_lcst/p4444_tfa_water/ffdir/HOH_sorted.xml:/storage/home/hhive1/sparmar32/projects/HTMD/force_field/OPLS/example_lcst/p4444_tfa_water/ffdir/TBP_sorted.xml
p4444_tfa_water,0.05,300,5,3857,3858,/storage/home/hhive1/sparmar32/projects/HTMD/force_field/OPLS/example_lcst,npt_final-4.pdb,md_npt-4.dcd,/storage/home/hhive1/sparmar32/projects/HTMD/force_field/OPLS/example_lcst/p4444_tfa_water/ffdir/TFA_sorted_residues.xml:/storage/home/hhive1/sparmar32/projects/HTMD/force_field/OPLS/example_lcst/p4444_tfa_water/ffdir/HOH_sorted_residues.xml:/storage/home/hhive1/sparmar32/projects/HTMD/force_field/OPLS/example_lcst/p4444_tfa_water/ffdir/TBP_sorted_residues.xml,/storage/home/hhive1/sparmar32/projects/HTMD/force_field/OPLS/example_lcst/p4444_tfa_water/ffdir/TFA_sorted.xml:/storage/home/hhive1/sparmar32/projects/HTMD/force_field/OPLS/example_lcst/p4444_tfa_water/ffdir/HOH_sorted.xml:/storage/home/hhive1/sparmar32/projects/HTMD/force_field/OPLS/example_lcst/p4444_tfa_water/ffdir/TBP_sorted.xml
p4444_tfa_water,0.05,300,76,3857,3858,/storage/home/hhive1/sparmar32/projects/HTMD/force_field/OPLS/example_lcst,npt_final-4.pdb,md_npt-4.dcd,/storage/home/hhive1/sparmar32/projects/HTMD/force_field/OPLS/example_lcst/p4444_tfa_water/ffdir/TFA_sorted_residues.xml:/storage/home/hhive1/sparmar32/projects/HTMD/force_field/OPLS/example_lcst/p4444_tfa_water/ffdir/HOH_sorted_residues.xml:/storage/home/hhive1/sparmar32/projects/HTMD/force_field/OPLS/example_lcst/p4444_tfa_water/ffdir/TBP_sorted_residues.xml,/storage/home/hhive1/sparmar32/projects/HTMD/force_field/OPLS/example_lcst/p4444_tfa_water/ffdir/TFA_sorted.xml:/storage/home/hhive1/sparmar32/projects/HTMD/force_field/OPLS/example_lcst/p4444_tfa_water/ffdir/HOH_sorted.xml:/storage/home/hhive1/sparmar32/projects/HTMD/force_field/OPLS/example_lcst/p4444_tfa_water/ffdir/TBP_sorted.xml
p4444_tfa_water,0.05,300,204,3857,3858,/storage/home/hhive1/sparmar32/projects/HTMD/force_field/OPLS/example_lcst,npt_final-4.pdb,md_npt-4.dcd,/storage/home/hhive1/sparmar32/projects/HTMD/force_field/OPLS/example_lcst/p4444_tfa_water/ffdir/TFA_sorted_residues.xml:/storage/home/hhive1/sparmar32/projects/HTMD/force_field/OPLS/example_lcst/p4444_tfa_water/ffdir/HOH_sorted_residues.xml:/storage/home/hhive1/sparmar32/projects/HTMD/force_field/OPLS/example_lcst/p4444_tfa_water/ffdir/TBP_sorted_residues.xml,/storage/home/hhive1/sparmar32/projects/HTMD/force_field/OPLS/example_lcst/p4444_tfa_water/ffdir/TFA_sorted.xml:/storage/home/hhive1/sparmar32/projects/HTMD/force_field/OPLS/example_lcst/p4444_tfa_water/ffdir/HOH_sorted.xml:/storage/home/hhive1/sparmar32/projects/HTMD/force_field/OPLS/example_lcst/p4444_tfa_water/ffdir/TBP_sorted.xml
p4444_tfa_water,0.05,300,114,3857,3858,/storage/home/hhive1/sparmar32/projects/HTMD/force_field/OPLS/example_lcst,npt_final-4.pdb,md_npt-4.dcd,/storage/home/hhive1/sparmar32/projects/HTMD/force_field/OPLS/example_lcst/p4444_tfa_water/ffdir/TFA_sorted_residues.xml:/storage/home/hhive1/sparmar32/projects/HTMD/force_field/OPLS/example_lcst/p4444_tfa_water/ffdir/HOH_sorted_residues.xml:/storage/home/hhive1/sparmar32/projects/HTMD/force_field/OPLS/example_lcst/p4444_tfa_water/ffdir/TBP_sorted_residues.xml,/storage/home/hhive1/sparmar32/projects/HTMD/force_field/OPLS/example_lcst/p4444_tfa_water/ffdir/TFA_sorted.xml:/storage/home/hhive1/sparmar32/projects/HTMD/force_field/OPLS/example_lcst/p4444_tfa_water/ffdir/HOH_sorted.xml:/storage/home/hhive1/sparmar32/projects/HTMD/force_field/OPLS/example_lcst/p4444_tfa_water/ffdir/TBP_sorted.xml
p4444_tfa_water,0.05,300,125,3857,3858,/storage/home/hhive1/sparmar32/projects/HTMD/force_field/OPLS/example_lcst,npt_final-4.pdb,md_npt-4.dcd,/storage/home/hhive1/sparmar32/projects/HTMD/force_field/OPLS/example_lcst/p4444_tfa_water/ffdir/TFA_sorted_residues.xml:/storage/home/hhive1/sparmar32/projects/HTMD/force_field/OPLS/example_lcst/p4444_tfa_water/ffdir/HOH_sorted_residues.xml:/storage/home/hhive1/sparmar32/projects/HTMD/force_field/OPLS/example_lcst/p4444_tfa_water/ffdir/TBP_sorted_residues.xml,/storage/home/hhive1/sparmar32/projects/HTMD/force_field/OPLS/example_lcst/p4444_tfa_water/ffdir/TFA_sorted.xml:/storage/home/hhive1/sparmar32/projects/HTMD/force_field/OPLS/example_lcst/p4444_tfa_water/ffdir/HOH_sorted.xml:/storage/home/hhive1/sparmar32/projects/HTMD/force_field/OPLS/example_lcst/p4444_tfa_water/ffdir/TBP_sorted.xml
p4444_tfa_water,0.05,300,95,3857,3858,/storage/home/hhive1/sparmar32/projects/HTMD/force_field/OPLS/example_lcst,npt_final-4.pdb,md_npt-4.dcd,/storage/home/hhive1/sparmar32/projects/HTMD/force_field/OPLS/example_lcst/p4444_tfa_water/ffdir/TFA_sorted_residues.xml:/storage/home/hhive1/sparmar32/projects/HTMD/force_field/OPLS/example_lcst/p4444_tfa_water/ffdir/HOH_sorted_residues.xml:/storage/home/hhive1/sparmar32/projects/HTMD/force_field/OPLS/example_lcst/p4444_tfa_water/ffdir/TBP_sorted_residues.xml,/storage/home/hhive1/sparmar32/projects/HTMD/force_field/OPLS/example_lcst/p4444_tfa_water/ffdir/TFA_sorted.xml:/storage/home/hhive1/sparmar32/projects/HTMD/force_field/OPLS/example_lcst/p4444_tfa_water/ffdir/HOH_sorted.xml:/storage/home/hhive1/sparmar32/projects/HTMD/force_field/OPLS/example_lcst/p4444_tfa_water/ffdir/TBP_sorted.xml
p4444_tfa_water,0.05,300,16,3857,3858,/storage/home/hhive1/sparmar32/projects/HTMD/force_field/OPLS/example_lcst,npt_final-4.pdb,md_npt-4.dcd,/storage/home/hhive1/sparmar32/projects/HTMD/force_field/OPLS/example_lcst/p4444_tfa_water/ffdir/TFA_sorted_residues.xml:/storage/home/hhive1/sparmar32/projects/HTMD/force_field/OPLS/example_lcst/p4444_tfa_water/ffdir/HOH_sorted_residues.xml:/storage/home/hhive1/sparmar32/projects/HTMD/force_field/OPLS/example_lcst/p4444_tfa_water/ffdir/TBP_sorted_residues.xml,/storage/home/hhive1/sparmar32/projects/HTMD/force_field/OPLS/example_lcst/p4444_tfa_water/ffdir/TFA_sorted.xml:/storage/home/hhive1/sparmar32/projects/HTMD/force_field/OPLS/example_lcst/p4444_tfa_water/ffdir/HOH_sorted.xml:/storage/home/hhive1/sparmar32/projects/HTMD/force_field/OPLS/example_lcst/p4444_tfa_water/ffdir/TBP_sorted.xml
p4444_tfa_water,0.05,300,212,3857,3858,/storage/home/hhive1/sparmar32/projects/HTMD/force_field/OPLS/example_lcst,npt_final-4.pdb,md_npt-4.dcd,/storage/home/hhive1/sparmar32/projects/HTMD/force_field/OPLS/example_lcst/p4444_tfa_water/ffdir/TFA_sorted_residues.xml:/storage/home/hhive1/sparmar32/projects/HTMD/force_field/OPLS/example_lcst/p4444_tfa_water/ffdir/HOH_sorted_residues.xml:/storage/home/hhive1/sparmar32/projects/HTMD/force_field/OPLS/example_lcst/p4444_tfa_water/ffdir/TBP_sorted_residues.xml,/storage/home/hhive1/sparmar32/projects/HTMD/force_field/OPLS/example_lcst/p4444_tfa_water/ffdir/TFA_sorted.xml:/storage/home/hhive1/sparmar32/projects/HTMD/force_field/OPLS/example_lcst/p4444_tfa_water/ffdir/HOH_sorted.xml:/storage/home/hhive1/sparmar32/projects/HTMD/force_field/OPLS/example_lcst/p4444_tfa_water/ffdir/TBP_sorted.xml
p4444_tfa_water,0.05,300,174,3857,3858,/storage/home/hhive1/sparmar32/projects/HTMD/force_field/OPLS/example_lcst,npt_final-4.pdb,md_npt-4.dcd,/storage/home/hhive1/sparmar32/projects/HTMD/force_field/OPLS/example_lcst/p4444_tfa_water/ffdir/TFA_sorted_residues.xml:/storage/home/hhive1/sparmar32/projects/HTMD/force_field/OPLS/example_lcst/p4444_tfa_water/ffdir/HOH_sorted_residues.xml:/storage/home/hhive1/sparmar32/projects/HTMD/force_field/OPLS/example_lcst/p4444_tfa_water/ffdir/TBP_sorted_residues.xml,/storage/home/hhive1/sparmar32/projects/HTMD/force_field/OPLS/example_lcst/p4444_tfa_water/ffdir/TFA_sorted.xml:/storage/home/hhive1/sparmar32/projects/HTMD/force_field/OPLS/example_lcst/p4444_tfa_water/ffdir/HOH_sorted.xml:/storage/home/hhive1/sparmar32/projects/HTMD/force_field/OPLS/example_lcst/p4444_tfa_water/ffdir/TBP_sorted.xml
p4444_tfa_water,0.05,300,72,3857,3858,/storage/home/hhive1/sparmar32/projects/HTMD/force_field/OPLS/example_lcst,npt_final-4.pdb,md_npt-4.dcd,/storage/home/hhive1/sparmar32/projects/HTMD/force_field/OPLS/example_lcst/p4444_tfa_water/ffdir/TFA_sorted_residues.xml:/storage/home/hhive1/sparmar32/projects/HTMD/force_field/OPLS/example_lcst/p4444_tfa_water/ffdir/HOH_sorted_residues.xml:/storage/home/hhive1/sparmar32/projects/HTMD/force_field/OPLS/example_lcst/p4444_tfa_water/ffdir/TBP_sorted_residues.xml,/storage/home/hhive1/sparmar32/projects/HTMD/force_field/OPLS/example_lcst/p4444_tfa_water/ffdir/TFA_sorted.xml:/storage/home/hhive1/sparmar32/projects/HTMD/force_field/OPLS/example_lcst/p4444_tfa_water/ffdir/HOH_sorted.xml:/storage/home/hhive1/sparmar32/projects/HTMD/force_field/OPLS/example_lcst/p4444_tfa_water/ffdir/TBP_sorted.xml
p4444_tfa_water,0.05,300,205,3857,3858,/storage/home/hhive1/sparmar32/projects/HTMD/force_field/OPLS/example_lcst,npt_final-4.pdb,md_npt-4.dcd,/storage/home/hhive1/sparmar32/projects/HTMD/force_field/OPLS/example_lcst/p4444_tfa_water/ffdir/TFA_sorted_residues.xml:/storage/home/hhive1/sparmar32/projects/HTMD/force_field/OPLS/example_lcst/p4444_tfa_water/ffdir/HOH_sorted_residues.xml:/storage/home/hhive1/sparmar32/projects/HTMD/force_field/OPLS/example_lcst/p4444_tfa_water/ffdir/TBP_sorted_residues.xml,/storage/home/hhive1/sparmar32/projects/HTMD/force_field/OPLS/example_lcst/p4444_tfa_water/ffdir/TFA_sorted.xml:/storage/home/hhive1/sparmar32/projects/HTMD/force_field/OPLS/example_lcst/p4444_tfa_water/ffdir/HOH_sorted.xml:/storage/home/hhive1/sparmar32/projects/HTMD/force_field/OPLS/example_lcst/p4444_tfa_water/ffdir/TBP_sorted.xml
p4444_tfa_water,0.05,300,11,3857,3858,/storage/home/hhive1/sparmar32/projects/HTMD/force_field/OPLS/example_lcst,npt_final-4.pdb,md_npt-4.dcd,/storage/home/hhive1/sparmar32/projects/HTMD/force_field/OPLS/example_lcst/p4444_tfa_water/ffdir/TFA_sorted_residues.xml:/storage/home/hhive1/sparmar32/projects/HTMD/force_field/OPLS/example_lcst/p4444_tfa_water/ffdir/HOH_sorted_residues.xml:/storage/home/hhive1/sparmar32/projects/HTMD/force_field/OPLS/example_lcst/p4444_tfa_water/ffdir/TBP_sorted_residues.xml,/storage/home/hhive1/sparmar32/projects/HTMD/force_field/OPLS/example_lcst/p4444_tfa_water/ffdir/TFA_sorted.xml:/storage/home/hhive1/sparmar32/projects/HTMD/force_field/OPLS/example_lcst/p4444_tfa_water/ffdir/HOH_sorted.xml:/storage/home/hhive1/sparmar32/projects/HTMD/force_field/OPLS/example_lcst/p4444_tfa_water/ffdir/TBP_sorted.xml
p4444_tfa_water,0.05,300,77,3857,3858,/storage/home/hhive1/sparmar32/projects/HTMD/force_field/OPLS/example_lcst,npt_final-4.pdb,md_npt-4.dcd,/storage/home/hhive1/sparmar32/projects/HTMD/force_field/OPLS/example_lcst/p4444_tfa_water/ffdir/TFA_sorted_residues.xml:/storage/home/hhive1/sparmar32/projects/HTMD/force_field/OPLS/example_lcst/p4444_tfa_water/ffdir/HOH_sorted_residues.xml:/storage/home/hhive1/sparmar32/projects/HTMD/force_field/OPLS/example_lcst/p4444_tfa_water/ffdir/TBP_sorted_residues.xml,/storage/home/hhive1/sparmar32/projects/HTMD/force_field/OPLS/example_lcst/p4444_tfa_water/ffdir/TFA_sorted.xml:/storage/home/hhive1/sparmar32/projects/HTMD/force_field/OPLS/example_lcst/p4444_tfa_water/ffdir/HOH_sorted.xml:/storage/home/hhive1/sparmar32/projects/HTMD/force_field/OPLS/example_lcst/p4444_tfa_water/ffdir/TBP_sorted.xml
p4444_tfa_water,0.05,300,176,3857,3858,/storage/home/hhive1/sparmar32/projects/HTMD/force_field/OPLS/example_lcst,npt_final-4.pdb,md_npt-4.dcd,/storage/home/hhive1/sparmar32/projects/HTMD/force_field/OPLS/example_lcst/p4444_tfa_water/ffdir/TFA_sorted_residues.xml:/storage/home/hhive1/sparmar32/projects/HTMD/force_field/OPLS/example_lcst/p4444_tfa_water/ffdir/HOH_sorted_residues.xml:/storage/home/hhive1/sparmar32/projects/HTMD/force_field/OPLS/example_lcst/p4444_tfa_water/ffdir/TBP_sorted_residues.xml,/storage/home/hhive1/sparmar32/projects/HTMD/force_field/OPLS/example_lcst/p4444_tfa_water/ffdir/TFA_sorted.xml:/storage/home/hhive1/sparmar32/projects/HTMD/force_field/OPLS/example_lcst/p4444_tfa_water/ffdir/HOH_sorted.xml:/storage/home/hhive1/sparmar32/projects/HTMD/force_field/OPLS/example_lcst/p4444_tfa_water/ffdir/TBP_sorted.xml
p4444_tfa_water,0.05,300,160,3857,3858,/storage/home/hhive1/sparmar32/projects/HTMD/force_field/OPLS/example_lcst,npt_final-4.pdb,md_npt-4.dcd,/storage/home/hhive1/sparmar32/projects/HTMD/force_field/OPLS/example_lcst/p4444_tfa_water/ffdir/TFA_sorted_residues.xml:/storage/home/hhive1/sparmar32/projects/HTMD/force_field/OPLS/example_lcst/p4444_tfa_water/ffdir/HOH_sorted_residues.xml:/storage/home/hhive1/sparmar32/projects/HTMD/force_field/OPLS/example_lcst/p4444_tfa_water/ffdir/TBP_sorted_residues.xml,/storage/home/hhive1/sparmar32/projects/HTMD/force_field/OPLS/example_lcst/p4444_tfa_water/ffdir/TFA_sorted.xml:/storage/home/hhive1/sparmar32/projects/HTMD/force_field/OPLS/example_lcst/p4444_tfa_water/ffdir/HOH_sorted.xml:/storage/home/hhive1/sparmar32/projects/HTMD/force_field/OPLS/example_lcst/p4444_tfa_water/ffdir/TBP_sorted.xml
p4444_tfa_water,0.05,300,34,3857,3858,/storage/home/hhive1/sparmar32/projects/HTMD/force_field/OPLS/example_lcst,npt_final-4.pdb,md_npt-4.dcd,/storage/home/hhive1/sparmar32/projects/HTMD/force_field/OPLS/example_lcst/p4444_tfa_water/ffdir/TFA_sorted_residues.xml:/storage/home/hhive1/sparmar32/projects/HTMD/force_field/OPLS/example_lcst/p4444_tfa_water/ffdir/HOH_sorted_residues.xml:/storage/home/hhive1/sparmar32/projects/HTMD/force_field/OPLS/example_lcst/p4444_tfa_water/ffdir/TBP_sorted_residues.xml,/storage/home/hhive1/sparmar32/projects/HTMD/force_field/OPLS/example_lcst/p4444_tfa_water/ffdir/TFA_sorted.xml:/storage/home/hhive1/sparmar32/projects/HTMD/force_field/OPLS/example_lcst/p4444_tfa_water/ffdir/HOH_sorted.xml:/storage/home/hhive1/sparmar32/projects/HTMD/force_field/OPLS/example_lcst/p4444_tfa_water/ffdir/TBP_sorted.xml
p4444_tfa_water,0.05,300,87,3857,3858,/storage/home/hhive1/sparmar32/projects/HTMD/force_field/OPLS/example_lcst,npt_final-4.pdb,md_npt-4.dcd,/storage/home/hhive1/sparmar32/projects/HTMD/force_field/OPLS/example_lcst/p4444_tfa_water/ffdir/TFA_sorted_residues.xml:/storage/home/hhive1/sparmar32/projects/HTMD/force_field/OPLS/example_lcst/p4444_tfa_water/ffdir/HOH_sorted_residues.xml:/storage/home/hhive1/sparmar32/projects/HTMD/force_field/OPLS/example_lcst/p4444_tfa_water/ffdir/TBP_sorted_residues.xml,/storage/home/hhive1/sparmar32/projects/HTMD/force_field/OPLS/example_lcst/p4444_tfa_water/ffdir/TFA_sorted.xml:/storage/home/hhive1/sparmar32/projects/HTMD/force_field/OPLS/example_lcst/p4444_tfa_water/ffdir/HOH_sorted.xml:/storage/home/hhive1/sparmar32/projects/HTMD/force_field/OPLS/example_lcst/p4444_tfa_water/ffdir/TBP_sorted.xml
p4444_tfa_water,0.05,300,178,3857,3858,/storage/home/hhive1/sparmar32/projects/HTMD/force_field/OPLS/example_lcst,npt_final-4.pdb,md_npt-4.dcd,/storage/home/hhive1/sparmar32/projects/HTMD/force_field/OPLS/example_lcst/p4444_tfa_water/ffdir/TFA_sorted_residues.xml:/storage/home/hhive1/sparmar32/projects/HTMD/force_field/OPLS/example_lcst/p4444_tfa_water/ffdir/HOH_sorted_residues.xml:/storage/home/hhive1/sparmar32/projects/HTMD/force_field/OPLS/example_lcst/p4444_tfa_water/ffdir/TBP_sorted_residues.xml,/storage/home/hhive1/sparmar32/projects/HTMD/force_field/OPLS/example_lcst/p4444_tfa_water/ffdir/TFA_sorted.xml:/storage/home/hhive1/sparmar32/projects/HTMD/force_field/OPLS/example_lcst/p4444_tfa_water/ffdir/HOH_sorted.xml:/storage/home/hhive1/sparmar32/projects/HTMD/force_field/OPLS/example_lcst/p4444_tfa_water/ffdir/TBP_sorted.xml
p4444_tfa_water,0.05,300,12,3857,3858,/storage/home/hhive1/sparmar32/projects/HTMD/force_field/OPLS/example_lcst,npt_final-4.pdb,md_npt-4.dcd,/storage/home/hhive1/sparmar32/projects/HTMD/force_field/OPLS/example_lcst/p4444_tfa_water/ffdir/TFA_sorted_residues.xml:/storage/home/hhive1/sparmar32/projects/HTMD/force_field/OPLS/example_lcst/p4444_tfa_water/ffdir/HOH_sorted_residues.xml:/storage/home/hhive1/sparmar32/projects/HTMD/force_field/OPLS/example_lcst/p4444_tfa_water/ffdir/TBP_sorted_residues.xml,/storage/home/hhive1/sparmar32/projects/HTMD/force_field/OPLS/example_lcst/p4444_tfa_water/ffdir/TFA_sorted.xml:/storage/home/hhive1/sparmar32/projects/HTMD/force_field/OPLS/example_lcst/p4444_tfa_water/ffdir/HOH_sorted.xml:/storage/home/hhive1/sparmar32/projects/HTMD/force_field/OPLS/example_lcst/p4444_tfa_water/ffdir/TBP_sorted.xml
p4444_tfa_water,0.05,300,9,3857,3858,/storage/home/hhive1/sparmar32/projects/HTMD/force_field/OPLS/example_lcst,npt_final-4.pdb,md_npt-4.dcd,/storage/home/hhive1/sparmar32/projects/HTMD/force_field/OPLS/example_lcst/p4444_tfa_water/ffdir/TFA_sorted_residues.xml:/storage/home/hhive1/sparmar32/projects/HTMD/force_field/OPLS/example_lcst/p4444_tfa_water/ffdir/HOH_sorted_residues.xml:/storage/home/hhive1/sparmar32/projects/HTMD/force_field/OPLS/example_lcst/p4444_tfa_water/ffdir/TBP_sorted_residues.xml,/storage/home/hhive1/sparmar32/projects/HTMD/force_field/OPLS/example_lcst/p4444_tfa_water/ffdir/TFA_sorted.xml:/storage/home/hhive1/sparmar32/projects/HTMD/force_field/OPLS/example_lcst/p4444_tfa_water/ffdir/HOH_sorted.xml:/storage/home/hhive1/sparmar32/projects/HTMD/force_field/OPLS/example_lcst/p4444_tfa_water/ffdir/TBP_sorted.xml
p4444_tfa_water,0.05,300,136,3857,3858,/storage/home/hhive1/sparmar32/projects/HTMD/force_field/OPLS/example_lcst,npt_final-4.pdb,md_npt-4.dcd,/storage/home/hhive1/sparmar32/projects/HTMD/force_field/OPLS/example_lcst/p4444_tfa_water/ffdir/TFA_sorted_residues.xml:/storage/home/hhive1/sparmar32/projects/HTMD/force_field/OPLS/example_lcst/p4444_tfa_water/ffdir/HOH_sorted_residues.xml:/storage/home/hhive1/sparmar32/projects/HTMD/force_field/OPLS/example_lcst/p4444_tfa_water/ffdir/TBP_sorted_residues.xml,/storage/home/hhive1/sparmar32/projects/HTMD/force_field/OPLS/example_lcst/p4444_tfa_water/ffdir/TFA_sorted.xml:/storage/home/hhive1/sparmar32/projects/HTMD/force_field/OPLS/example_lcst/p4444_tfa_water/ffdir/HOH_sorted.xml:/storage/home/hhive1/sparmar32/projects/HTMD/force_field/OPLS/example_lcst/p4444_tfa_water/ffdir/TBP_sorted.xml
p4444_tfa_water,0.05,300,156,3857,3858,/storage/home/hhive1/sparmar32/projects/HTMD/force_field/OPLS/example_lcst,npt_final-4.pdb,md_npt-4.dcd,/storage/home/hhive1/sparmar32/projects/HTMD/force_field/OPLS/example_lcst/p4444_tfa_water/ffdir/TFA_sorted_residues.xml:/storage/home/hhive1/sparmar32/projects/HTMD/force_field/OPLS/example_lcst/p4444_tfa_water/ffdir/HOH_sorted_residues.xml:/storage/home/hhive1/sparmar32/projects/HTMD/force_field/OPLS/example_lcst/p4444_tfa_water/ffdir/TBP_sorted_residues.xml,/storage/home/hhive1/sparmar32/projects/HTMD/force_field/OPLS/example_lcst/p4444_tfa_water/ffdir/TFA_sorted.xml:/storage/home/hhive1/sparmar32/projects/HTMD/force_field/OPLS/example_lcst/p4444_tfa_water/ffdir/HOH_sorted.xml:/storage/home/hhive1/sparmar32/projects/HTMD/force_field/OPLS/example_lcst/p4444_tfa_water/ffdir/TBP_sorted.xml
p4444_tfa_water,0.05,300,131,3857,3858,/storage/home/hhive1/sparmar32/projects/HTMD/force_field/OPLS/example_lcst,npt_final-4.pdb,md_npt-4.dcd,/storage/home/hhive1/sparmar32/projects/HTMD/force_field/OPLS/example_lcst/p4444_tfa_water/ffdir/TFA_sorted_residues.xml:/storage/home/hhive1/sparmar32/projects/HTMD/force_field/OPLS/example_lcst/p4444_tfa_water/ffdir/HOH_sorted_residues.xml:/storage/home/hhive1/sparmar32/projects/HTMD/force_field/OPLS/example_lcst/p4444_tfa_water/ffdir/TBP_sorted_residues.xml,/storage/home/hhive1/sparmar32/projects/HTMD/force_field/OPLS/example_lcst/p4444_tfa_water/ffdir/TFA_sorted.xml:/storage/home/hhive1/sparmar32/projects/HTMD/force_field/OPLS/example_lcst/p4444_tfa_water/ffdir/HOH_sorted.xml:/storage/home/hhive1/sparmar32/projects/HTMD/force_field/OPLS/example_lcst/p4444_tfa_water/ffdir/TBP_sorted.xml
p4444_tfa_water,0.05,300,200,3857,3858,/storage/home/hhive1/sparmar32/projects/HTMD/force_field/OPLS/example_lcst,npt_final-4.pdb,md_npt-4.dcd,/storage/home/hhive1/sparmar32/projects/HTMD/force_field/OPLS/example_lcst/p4444_tfa_water/ffdir/TFA_sorted_residues.xml:/storage/home/hhive1/sparmar32/projects/HTMD/force_field/OPLS/example_lcst/p4444_tfa_water/ffdir/HOH_sorted_residues.xml:/storage/home/hhive1/sparmar32/projects/HTMD/force_field/OPLS/example_lcst/p4444_tfa_water/ffdir/TBP_sorted_residues.xml,/storage/home/hhive1/sparmar32/projects/HTMD/force_field/OPLS/example_lcst/p4444_tfa_water/ffdir/TFA_sorted.xml:/storage/home/hhive1/sparmar32/projects/HTMD/force_field/OPLS/example_lcst/p4444_tfa_water/ffdir/HOH_sorted.xml:/storage/home/hhive1/sparmar32/projects/HTMD/force_field/OPLS/example_lcst/p4444_tfa_water/ffdir/TBP_sorted.xml
p4444_tfa_water,0.05,300,81,3857,3858,/storage/home/hhive1/sparmar32/projects/HTMD/force_field/OPLS/example_lcst,npt_final-4.pdb,md_npt-4.dcd,/storage/home/hhive1/sparmar32/projects/HTMD/force_field/OPLS/example_lcst/p4444_tfa_water/ffdir/TFA_sorted_residues.xml:/storage/home/hhive1/sparmar32/projects/HTMD/force_field/OPLS/example_lcst/p4444_tfa_water/ffdir/HOH_sorted_residues.xml:/storage/home/hhive1/sparmar32/projects/HTMD/force_field/OPLS/example_lcst/p4444_tfa_water/ffdir/TBP_sorted_residues.xml,/storage/home/hhive1/sparmar32/projects/HTMD/force_field/OPLS/example_lcst/p4444_tfa_water/ffdir/TFA_sorted.xml:/storage/home/hhive1/sparmar32/projects/HTMD/force_field/OPLS/example_lcst/p4444_tfa_water/ffdir/HOH_sorted.xml:/storage/home/hhive1/sparmar32/projects/HTMD/force_field/OPLS/example_lcst/p4444_tfa_water/ffdir/TBP_sorted.xml
p4444_tfa_water,0.05,300,148,3857,3858,/storage/home/hhive1/sparmar32/projects/HTMD/force_field/OPLS/example_lcst,npt_final-4.pdb,md_npt-4.dcd,/storage/home/hhive1/sparmar32/projects/HTMD/force_field/OPLS/example_lcst/p4444_tfa_water/ffdir/TFA_sorted_residues.xml:/storage/home/hhive1/sparmar32/projects/HTMD/force_field/OPLS/example_lcst/p4444_tfa_water/ffdir/HOH_sorted_residues.xml:/storage/home/hhive1/sparmar32/projects/HTMD/force_field/OPLS/example_lcst/p4444_tfa_water/ffdir/TBP_sorted_residues.xml,/storage/home/hhive1/sparmar32/projects/HTMD/force_field/OPLS/example_lcst/p4444_tfa_water/ffdir/TFA_sorted.xml:/storage/home/hhive1/sparmar32/projects/HTMD/force_field/OPLS/example_lcst/p4444_tfa_water/ffdir/HOH_sorted.xml:/storage/home/hhive1/sparmar32/projects/HTMD/force_field/OPLS/example_lcst/p4444_tfa_water/ffdir/TBP_sorted.xml
p4444_tfa_water,0.05,300,17,3857,3858,/storage/home/hhive1/sparmar32/projects/HTMD/force_field/OPLS/example_lcst,npt_final-4.pdb,md_npt-4.dcd,/storage/home/hhive1/sparmar32/projects/HTMD/force_field/OPLS/example_lcst/p4444_tfa_water/ffdir/TFA_sorted_residues.xml:/storage/home/hhive1/sparmar32/projects/HTMD/force_field/OPLS/example_lcst/p4444_tfa_water/ffdir/HOH_sorted_residues.xml:/storage/home/hhive1/sparmar32/projects/HTMD/force_field/OPLS/example_lcst/p4444_tfa_water/ffdir/TBP_sorted_residues.xml,/storage/home/hhive1/sparmar32/projects/HTMD/force_field/OPLS/example_lcst/p4444_tfa_water/ffdir/TFA_sorted.xml:/storage/home/hhive1/sparmar32/projects/HTMD/force_field/OPLS/example_lcst/p4444_tfa_water/ffdir/HOH_sorted.xml:/storage/home/hhive1/sparmar32/projects/HTMD/force_field/OPLS/example_lcst/p4444_tfa_water/ffdir/TBP_sorted.xml
p4444_tfa_water,0.05,300,166,3857,3858,/storage/home/hhive1/sparmar32/projects/HTMD/force_field/OPLS/example_lcst,npt_final-4.pdb,md_npt-4.dcd,/storage/home/hhive1/sparmar32/projects/HTMD/force_field/OPLS/example_lcst/p4444_tfa_water/ffdir/TFA_sorted_residues.xml:/storage/home/hhive1/sparmar32/projects/HTMD/force_field/OPLS/example_lcst/p4444_tfa_water/ffdir/HOH_sorted_residues.xml:/storage/home/hhive1/sparmar32/projects/HTMD/force_field/OPLS/example_lcst/p4444_tfa_water/ffdir/TBP_sorted_residues.xml,/storage/home/hhive1/sparmar32/projects/HTMD/force_field/OPLS/example_lcst/p4444_tfa_water/ffdir/TFA_sorted.xml:/storage/home/hhive1/sparmar32/projects/HTMD/force_field/OPLS/example_lcst/p4444_tfa_water/ffdir/HOH_sorted.xml:/storage/home/hhive1/sparmar32/projects/HTMD/force_field/OPLS/example_lcst/p4444_tfa_water/ffdir/TBP_sorted.xml
p4444_tfa_water,0.05,300,206,3857,3858,/storage/home/hhive1/sparmar32/projects/HTMD/force_field/OPLS/example_lcst,npt_final-4.pdb,md_npt-4.dcd,/storage/home/hhive1/sparmar32/projects/HTMD/force_field/OPLS/example_lcst/p4444_tfa_water/ffdir/TFA_sorted_residues.xml:/storage/home/hhive1/sparmar32/projects/HTMD/force_field/OPLS/example_lcst/p4444_tfa_water/ffdir/HOH_sorted_residues.xml:/storage/home/hhive1/sparmar32/projects/HTMD/force_field/OPLS/example_lcst/p4444_tfa_water/ffdir/TBP_sorted_residues.xml,/storage/home/hhive1/sparmar32/projects/HTMD/force_field/OPLS/example_lcst/p4444_tfa_water/ffdir/TFA_sorted.xml:/storage/home/hhive1/sparmar32/projects/HTMD/force_field/OPLS/example_lcst/p4444_tfa_water/ffdir/HOH_sorted.xml:/storage/home/hhive1/sparmar32/projects/HTMD/force_field/OPLS/example_lcst/p4444_tfa_water/ffdir/TBP_sorted.xml
p4444_tfa_water,0.05,300,22,3857,3858,/storage/home/hhive1/sparmar32/projects/HTMD/force_field/OPLS/example_lcst,npt_final-4.pdb,md_npt-4.dcd,/storage/home/hhive1/sparmar32/projects/HTMD/force_field/OPLS/example_lcst/p4444_tfa_water/ffdir/TFA_sorted_residues.xml:/storage/home/hhive1/sparmar32/projects/HTMD/force_field/OPLS/example_lcst/p4444_tfa_water/ffdir/HOH_sorted_residues.xml:/storage/home/hhive1/sparmar32/projects/HTMD/force_field/OPLS/example_lcst/p4444_tfa_water/ffdir/TBP_sorted_residues.xml,/storage/home/hhive1/sparmar32/projects/HTMD/force_field/OPLS/example_lcst/p4444_tfa_water/ffdir/TFA_sorted.xml:/storage/home/hhive1/sparmar32/projects/HTMD/force_field/OPLS/example_lcst/p4444_tfa_water/ffdir/HOH_sorted.xml:/storage/home/hhive1/sparmar32/projects/HTMD/force_field/OPLS/example_lcst/p4444_tfa_water/ffdir/TBP_sorted.xml
p4444_tfa_water,0.05,300,79,3857,3858,/storage/home/hhive1/sparmar32/projects/HTMD/force_field/OPLS/example_lcst,npt_final-4.pdb,md_npt-4.dcd,/storage/home/hhive1/sparmar32/projects/HTMD/force_field/OPLS/example_lcst/p4444_tfa_water/ffdir/TFA_sorted_residues.xml:/storage/home/hhive1/sparmar32/projects/HTMD/force_field/OPLS/example_lcst/p4444_tfa_water/ffdir/HOH_sorted_residues.xml:/storage/home/hhive1/sparmar32/projects/HTMD/force_field/OPLS/example_lcst/p4444_tfa_water/ffdir/TBP_sorted_residues.xml,/storage/home/hhive1/sparmar32/projects/HTMD/force_field/OPLS/example_lcst/p4444_tfa_water/ffdir/TFA_sorted.xml:/storage/home/hhive1/sparmar32/projects/HTMD/force_field/OPLS/example_lcst/p4444_tfa_water/ffdir/HOH_sorted.xml:/storage/home/hhive1/sparmar32/projects/HTMD/force_field/OPLS/example_lcst/p4444_tfa_water/ffdir/TBP_sorted.xml
p4444_tfa_water,0.05,300,146,3857,3858,/storage/home/hhive1/sparmar32/projects/HTMD/force_field/OPLS/example_lcst,npt_final-4.pdb,md_npt-4.dcd,/storage/home/hhive1/sparmar32/projects/HTMD/force_field/OPLS/example_lcst/p4444_tfa_water/ffdir/TFA_sorted_residues.xml:/storage/home/hhive1/sparmar32/projects/HTMD/force_field/OPLS/example_lcst/p4444_tfa_water/ffdir/HOH_sorted_residues.xml:/storage/home/hhive1/sparmar32/projects/HTMD/force_field/OPLS/example_lcst/p4444_tfa_water/ffdir/TBP_sorted_residues.xml,/storage/home/hhive1/sparmar32/projects/HTMD/force_field/OPLS/example_lcst/p4444_tfa_water/ffdir/TFA_sorted.xml:/storage/home/hhive1/sparmar32/projects/HTMD/force_field/OPLS/example_lcst/p4444_tfa_water/ffdir/HOH_sorted.xml:/storage/home/hhive1/sparmar32/projects/HTMD/force_field/OPLS/example_lcst/p4444_tfa_water/ffdir/TBP_sorted.xml
p4444_tfa_water,0.05,300,164,3857,3858,/storage/home/hhive1/sparmar32/projects/HTMD/force_field/OPLS/example_lcst,npt_final-4.pdb,md_npt-4.dcd,/storage/home/hhive1/sparmar32/projects/HTMD/force_field/OPLS/example_lcst/p4444_tfa_water/ffdir/TFA_sorted_residues.xml:/storage/home/hhive1/sparmar32/projects/HTMD/force_field/OPLS/example_lcst/p4444_tfa_water/ffdir/HOH_sorted_residues.xml:/storage/home/hhive1/sparmar32/projects/HTMD/force_field/OPLS/example_lcst/p4444_tfa_water/ffdir/TBP_sorted_residues.xml,/storage/home/hhive1/sparmar32/projects/HTMD/force_field/OPLS/example_lcst/p4444_tfa_water/ffdir/TFA_sorted.xml:/storage/home/hhive1/sparmar32/projects/HTMD/force_field/OPLS/example_lcst/p4444_tfa_water/ffdir/HOH_sorted.xml:/storage/home/hhive1/sparmar32/projects/HTMD/force_field/OPLS/example_lcst/p4444_tfa_water/ffdir/TBP_sorted.xml
p4444_tfa_water,0.05,300,42,3857,3858,/storage/home/hhive1/sparmar32/projects/HTMD/force_field/OPLS/example_lcst,npt_final-4.pdb,md_npt-4.dcd,/storage/home/hhive1/sparmar32/projects/HTMD/force_field/OPLS/example_lcst/p4444_tfa_water/ffdir/TFA_sorted_residues.xml:/storage/home/hhive1/sparmar32/projects/HTMD/force_field/OPLS/example_lcst/p4444_tfa_water/ffdir/HOH_sorted_residues.xml:/storage/home/hhive1/sparmar32/projects/HTMD/force_field/OPLS/example_lcst/p4444_tfa_water/ffdir/TBP_sorted_residues.xml,/storage/home/hhive1/sparmar32/projects/HTMD/force_field/OPLS/example_lcst/p4444_tfa_water/ffdir/TFA_sorted.xml:/storage/home/hhive1/sparmar32/projects/HTMD/force_field/OPLS/example_lcst/p4444_tfa_water/ffdir/HOH_sorted.xml:/storage/home/hhive1/sparmar32/projects/HTMD/force_field/OPLS/example_lcst/p4444_tfa_water/ffdir/TBP_sorted.xml
p4444_tfa_water,0.05,300,169,3857,3858,/storage/home/hhive1/sparmar32/projects/HTMD/force_field/OPLS/example_lcst,npt_final-4.pdb,md_npt-4.dcd,/storage/home/hhive1/sparmar32/projects/HTMD/force_field/OPLS/example_lcst/p4444_tfa_water/ffdir/TFA_sorted_residues.xml:/storage/home/hhive1/sparmar32/projects/HTMD/force_field/OPLS/example_lcst/p4444_tfa_water/ffdir/HOH_sorted_residues.xml:/storage/home/hhive1/sparmar32/projects/HTMD/force_field/OPLS/example_lcst/p4444_tfa_water/ffdir/TBP_sorted_residues.xml,/storage/home/hhive1/sparmar32/projects/HTMD/force_field/OPLS/example_lcst/p4444_tfa_water/ffdir/TFA_sorted.xml:/storage/home/hhive1/sparmar32/projects/HTMD/force_field/OPLS/example_lcst/p4444_tfa_water/ffdir/HOH_sorted.xml:/storage/home/hhive1/sparmar32/projects/HTMD/force_field/OPLS/example_lcst/p4444_tfa_water/ffdir/TBP_sorted.xml
p4444_tfa_water,0.05,300,192,3857,3858,/storage/home/hhive1/sparmar32/projects/HTMD/force_field/OPLS/example_lcst,npt_final-4.pdb,md_npt-4.dcd,/storage/home/hhive1/sparmar32/projects/HTMD/force_field/OPLS/example_lcst/p4444_tfa_water/ffdir/TFA_sorted_residues.xml:/storage/home/hhive1/sparmar32/projects/HTMD/force_field/OPLS/example_lcst/p4444_tfa_water/ffdir/HOH_sorted_residues.xml:/storage/home/hhive1/sparmar32/projects/HTMD/force_field/OPLS/example_lcst/p4444_tfa_water/ffdir/TBP_sorted_residues.xml,/storage/home/hhive1/sparmar32/projects/HTMD/force_field/OPLS/example_lcst/p4444_tfa_water/ffdir/TFA_sorted.xml:/storage/home/hhive1/sparmar32/projects/HTMD/force_field/OPLS/example_lcst/p4444_tfa_water/ffdir/HOH_sorted.xml:/storage/home/hhive1/sparmar32/projects/HTMD/force_field/OPLS/example_lcst/p4444_tfa_water/ffdir/TBP_sorted.xml
p4444_tfa_water,0.05,300,6,3857,3858,/storage/home/hhive1/sparmar32/projects/HTMD/force_field/OPLS/example_lcst,npt_final-4.pdb,md_npt-4.dcd,/storage/home/hhive1/sparmar32/projects/HTMD/force_field/OPLS/example_lcst/p4444_tfa_water/ffdir/TFA_sorted_residues.xml:/storage/home/hhive1/sparmar32/projects/HTMD/force_field/OPLS/example_lcst/p4444_tfa_water/ffdir/HOH_sorted_residues.xml:/storage/home/hhive1/sparmar32/projects/HTMD/force_field/OPLS/example_lcst/p4444_tfa_water/ffdir/TBP_sorted_residues.xml,/storage/home/hhive1/sparmar32/projects/HTMD/force_field/OPLS/example_lcst/p4444_tfa_water/ffdir/TFA_sorted.xml:/storage/home/hhive1/sparmar32/projects/HTMD/force_field/OPLS/example_lcst/p4444_tfa_water/ffdir/HOH_sorted.xml:/storage/home/hhive1/sparmar32/projects/HTMD/force_field/OPLS/example_lcst/p4444_tfa_water/ffdir/TBP_sorted.xml
p4444_tfa_water,0.05,300,135,3857,3858,/storage/home/hhive1/sparmar32/projects/HTMD/force_field/OPLS/example_lcst,npt_final-4.pdb,md_npt-4.dcd,/storage/home/hhive1/sparmar32/projects/HTMD/force_field/OPLS/example_lcst/p4444_tfa_water/ffdir/TFA_sorted_residues.xml:/storage/home/hhive1/sparmar32/projects/HTMD/force_field/OPLS/example_lcst/p4444_tfa_water/ffdir/HOH_sorted_residues.xml:/storage/home/hhive1/sparmar32/projects/HTMD/force_field/OPLS/example_lcst/p4444_tfa_water/ffdir/TBP_sorted_residues.xml,/storage/home/hhive1/sparmar32/projects/HTMD/force_field/OPLS/example_lcst/p4444_tfa_water/ffdir/TFA_sorted.xml:/storage/home/hhive1/sparmar32/projects/HTMD/force_field/OPLS/example_lcst/p4444_tfa_water/ffdir/HOH_sorted.xml:/storage/home/hhive1/sparmar32/projects/HTMD/force_field/OPLS/example_lcst/p4444_tfa_water/ffdir/TBP_sorted.xml
p4444_tfa_water,0.05,300,115,3857,3858,/storage/home/hhive1/sparmar32/projects/HTMD/force_field/OPLS/example_lcst,npt_final-4.pdb,md_npt-4.dcd,/storage/home/hhive1/sparmar32/projects/HTMD/force_field/OPLS/example_lcst/p4444_tfa_water/ffdir/TFA_sorted_residues.xml:/storage/home/hhive1/sparmar32/projects/HTMD/force_field/OPLS/example_lcst/p4444_tfa_water/ffdir/HOH_sorted_residues.xml:/storage/home/hhive1/sparmar32/projects/HTMD/force_field/OPLS/example_lcst/p4444_tfa_water/ffdir/TBP_sorted_residues.xml,/storage/home/hhive1/sparmar32/projects/HTMD/force_field/OPLS/example_lcst/p4444_tfa_water/ffdir/TFA_sorted.xml:/storage/home/hhive1/sparmar32/projects/HTMD/force_field/OPLS/example_lcst/p4444_tfa_water/ffdir/HOH_sorted.xml:/storage/home/hhive1/sparmar32/projects/HTMD/force_field/OPLS/example_lcst/p4444_tfa_water/ffdir/TBP_sorted.xml
p4444_tfa_water,0.05,300,105,3857,3858,/storage/home/hhive1/sparmar32/projects/HTMD/force_field/OPLS/example_lcst,npt_final-4.pdb,md_npt-4.dcd,/storage/home/hhive1/sparmar32/projects/HTMD/force_field/OPLS/example_lcst/p4444_tfa_water/ffdir/TFA_sorted_residues.xml:/storage/home/hhive1/sparmar32/projects/HTMD/force_field/OPLS/example_lcst/p4444_tfa_water/ffdir/HOH_sorted_residues.xml:/storage/home/hhive1/sparmar32/projects/HTMD/force_field/OPLS/example_lcst/p4444_tfa_water/ffdir/TBP_sorted_residues.xml,/storage/home/hhive1/sparmar32/projects/HTMD/force_field/OPLS/example_lcst/p4444_tfa_water/ffdir/TFA_sorted.xml:/storage/home/hhive1/sparmar32/projects/HTMD/force_field/OPLS/example_lcst/p4444_tfa_water/ffdir/HOH_sorted.xml:/storage/home/hhive1/sparmar32/projects/HTMD/force_field/OPLS/example_lcst/p4444_tfa_water/ffdir/TBP_sorted.xml
p4444_tfa_water,0.05,300,217,3857,3858,/storage/home/hhive1/sparmar32/projects/HTMD/force_field/OPLS/example_lcst,npt_final-4.pdb,md_npt-4.dcd,/storage/home/hhive1/sparmar32/projects/HTMD/force_field/OPLS/example_lcst/p4444_tfa_water/ffdir/TFA_sorted_residues.xml:/storage/home/hhive1/sparmar32/projects/HTMD/force_field/OPLS/example_lcst/p4444_tfa_water/ffdir/HOH_sorted_residues.xml:/storage/home/hhive1/sparmar32/projects/HTMD/force_field/OPLS/example_lcst/p4444_tfa_water/ffdir/TBP_sorted_residues.xml,/storage/home/hhive1/sparmar32/projects/HTMD/force_field/OPLS/example_lcst/p4444_tfa_water/ffdir/TFA_sorted.xml:/storage/home/hhive1/sparmar32/projects/HTMD/force_field/OPLS/example_lcst/p4444_tfa_water/ffdir/HOH_sorted.xml:/storage/home/hhive1/sparmar32/projects/HTMD/force_field/OPLS/example_lcst/p4444_tfa_water/ffdir/TBP_sorted.xml
